transaction_id,time,account_id,provider_id,amount_bdt,type,status,customer_phone,counterparty_account,description,channel,fee_bdt,commission_bdt,agent_name
4d572313-ef10-4887-91c8-16d1c378f2fa,2026-04-13 12:29:19,bf7c9de4-b6c1-49c7-b28e-78e6cbeb5b27,d434c15c-027e-4cf1-b07a-4ec66fb3b22d,15094.15,send_money,reversed,01782238741,CP-883826,Send Money at Nusrat Digital Center,app,226.41,0.0,Nusrat Digital Center
af9b617e-c4e1-4739-96d0-18c08ead3517,2026-04-13 14:31:08,836f81df-f2fb-4d4b-ad1e-a32d86e817ed,6cbd13a6-e3ea-40d9-8fb5-374ec9d72325,16848.11,send_money,completed,01669085720,CP-450996,Send Money at Abdul Cash Point,ivr,252.72,0.0,Abdul Cash Point
02be4162-c46c-4a98-aa79-863412d120d1,2026-04-14 10:30:44,111ab04b-46e1-4e9d-ab1e-ba4b8809ddc7,d434c15c-027e-4cf1-b07a-4ec66fb3b22d,8715.78,payment,completed,01373013961,CP-919488,Payment at Imran Communication,agent_device,0.0,0.0,Imran Communication
45223d62-d87c-4893-8a3c-455b3182938b,2026-04-15 09:03:41,dce51b58-06e8-4672-8949-371ce0c5337c,6cbd13a6-e3ea-40d9-8fb5-374ec9d72325,1707.23,top_up,pending,01596926431,,Top Up at Habib Telecom,ussd,0.0,0.0,Habib Telecom
3fa91d76-d2eb-4eca-9cc4-50d2c7ee5cf8,2026-04-16 00:18:52,2064cee1-2e64-4e75-8297-caf2267534fb,adc9bbd6-1cb3-4ff8-b396-cc6b132740b9,638.49,bill_payment,completed,01752103092,,Bill Payment at Imran Communication,ivr,0.0,0.0,Imran Communication
48ee43be-785f-4c71-b15d-c3e8652a14e4,2026-04-16 13:27:37,42297c6c-3b85-48b4-b79c-56485019817a,d434c15c-027e-4cf1-b07a-4ec66fb3b22d,1205.4,payment,completed,01828208520,CP-507524,Payment at Fatema Electronics,ivr,0.0,0.0,Fatema Electronics
b85c9ead-0767-49fd-920c-922c867ce4a4,2026-04-17 01:26:40,b19d437d-03c6-40d2-a70a-039a8f9f6e68,6cbd13a6-e3ea-40d9-8fb5-374ec9d72325,12335.54,send_money,completed,01695828117,CP-929924,Send Money at Rina Gift House,ussd,185.03,0.0,Rina Gift House
b1926be0-78b9-446e-9ae0-e8577bef7820,2026-04-17 11:59:52,d2e59588-114f-4a71-be6a-e0c1365ccabc,adc9bbd6-1cb3-4ff8-b396-cc6b132740b9,3389.58,bill_payment,reversed,01852779814,,Bill Payment at Momena Bazar,ivr,0.0,0.0,Momena Bazar
4a993b02-bd8a-4135-99ad-4c217906426a,2026-04-17 19:46:02,00b2564e-af0f-449f-a4e8-2937c331d9fc,d434c15c-027e-4cf1-b07a-4ec66fb3b22d,23094.86,cash_in,reversed,01799600766,,Cash In at Anwar Digital Point,agent_device,0.0,115.47,Anwar Digital Point
93cd29ca-0e43-4401-908c-332c2706e604,2026-04-17 20:36:23,836b7810-7f10-4d11-aa2b-429d0b40d3b4,6cbd13a6-e3ea-40d9-8fb5-374ec9d72325,29670.22,cash_out,reversed,01837542226,,Cash Out at Shireen Mobile Shop,ussd,445.05,0.0,Shireen Mobile Shop
11613f42-03f8-40a2-83aa-22220ba65ed2,2026-04-18 22:55:34,dc79f40b-1465-46fe-9859-ebeb0bd1f792,adc9bbd6-1cb3-4ff8-b396-cc6b132740b9,19649.47,send_money,completed,01896721710,CP-280941,Send Money at Shireen Mobile Shop,ussd,294.74,0.0,Shireen Mobile Shop
5e6f5e25-32a4-4c96-bd1a-7e82e7c7aa1f,2026-04-19 01:47:05,40299b26-cbc8-4cae-bc85-f9053fe6a709,adc9bbd6-1cb3-4ff8-b396-cc6b132740b9,417.99,payment,completed,01336772387,CP-143941,Payment at Alamgir Cash Center,agent_device,0.0,0.0,Alamgir Cash Center
87bba5ba-d725-41c9-8f9e-6a828b0149ed,2026-04-19 04:24:50,65f09dc3-c7de-4c13-a574-918d70ca7081,adc9bbd6-1cb3-4ff8-b396-cc6b132740b9,10897.96,send_money,completed,01337760841,CP-973349,Send Money at Rubina Electronics,ivr,163.47,0.0,Rubina Electronics
e7d2563f-6994-48a0-b353-18690bbe8d8a,2026-04-20 00:47:22,804cbfd4-abdb-4dfa-bf0c-d3fe2ca63004,adc9bbd6-1cb3-4ff8-b396-cc6b132740b9,13468.36,cash_out,completed,01737383505,,Cash Out at Karim Telecom,agent_device,202.03,0.0,Karim Telecom
154115f7-a743-45b4-8622-520b5ea73b71,2026-04-20 02:51:38,ece67e51-f14f-4c28-99b8-dad30b2842fa,d434c15c-027e-4cf1-b07a-4ec66fb3b22d,19754.27,send_money,completed,01966949781,CP-823846,Send Money at Sultana Mobile Corner,agent_device,296.31,0.0,Sultana Mobile Corner
54bdef40-7cb3-4f90-860d-d02da0ed5d5c,2026-04-20 05:36:30,6e030a6d-254c-4dbb-8718-14a14c2c31e5,6cbd13a6-e3ea-40d9-8fb5-374ec9d72325,3664.95,payment,reversed,01931473054,CP-132653,Payment at Fatema Electronics,app,0.0,0.0,Fatema Electronics
22a16d39-ce81-4d37-b1fb-7835b04fae46,2026-04-20 12:44:33,7b67f0dc-7c35-459d-bc5a-999d4ed392be,adc9bbd6-1cb3-4ff8-b396-cc6b132740b9,3557.02,cash_in,pending,01837133023,,Cash In at Kamrul General Store,app,0.0,17.79,Kamrul General Store
74e0f803-90a4-49ee-a7be-8a92c62fc3cb,2026-04-21 02:21:42,03e47a62-2b2e-4893-9842-b902b5709eeb,6cbd13a6-e3ea-40d9-8fb5-374ec9d72325,26072.11,cash_out,completed,01344917589,,Cash Out at Hasan Mobile Recharge,ivr,391.08,0.0,Hasan Mobile Recharge
e804b8cc-9bc8-4ba3-8156-714032ad7d8f,2026-04-21 05:14:09,78c00905-89e3-40b0-96bd-63e41fb5c19a,d434c15c-027e-4cf1-b07a-4ec66fb3b22d,28124.62,cash_in,completed,01890010790,,Cash In at Jahangir Electronics,app,0.0,140.62,Jahangir Electronics
810f74af-5f10-4af2-873e-8ae4b7758a96,2026-04-21 16:34:46,510059ad-2c3d-4ae3-97d6-0568f2ec8f16,adc9bbd6-1cb3-4ff8-b396-cc6b132740b9,2340.43,top_up,completed,01588295121,,Top Up at Hasan Mobile Recharge,agent_device,0.0,0.0,Hasan Mobile Recharge
bc5e9b88-ac2a-4a74-beda-269df7a0650a,2026-04-21 17:10:15,70d02322-9e19-4771-8852-821f14f61a21,adc9bbd6-1cb3-4ff8-b396-cc6b132740b9,13590.7,cash_in,completed,01759470729,,Cash In at Tasnim Cyber Cafe,agent_device,0.0,67.95,Tasnim Cyber Cafe
6fd86ce6-ffa8-413c-823a-218d16ed2325,2026-04-21 18:39:33,37533a39-8179-4633-a229-e4cf4d5d6536,d434c15c-027e-4cf1-b07a-4ec66fb3b22d,8096.49,payment,completed,01578886959,CP-535604,Payment at Kamrul General Store,ivr,0.0,0.0,Kamrul General Store
32a39f0b-2619-42e2-bc5e-24ffef162586,2026-04-21 19:19:08,8b085a44-5f70-49cc-90d0-a11b4b1e674c,d434c15c-027e-4cf1-b07a-4ec66fb3b22d,21877.89,cash_in,failed,01960015814,,Cash In at Khaleda General Store,app,0.0,109.39,Khaleda General Store
b53748f1-b9e3-4797-8b95-61f140a685c2,2026-04-22 16:13:41,2a346c70-5f5a-4099-b083-8d785f8df72a,d434c15c-027e-4cf1-b07a-4ec66fb3b22d,2414.78,bill_payment,failed,01510695441,,Bill Payment at Shireen Mobile Shop,app,0.0,0.0,Shireen Mobile Shop
195a2ca9-9a1a-42a9-a03a-ae197804bbc2,2026-04-23 08:06:58,44c4f793-d676-4d33-bcde-2681a1b4f7ee,adc9bbd6-1cb3-4ff8-b396-cc6b132740b9,829.6,top_up,completed,01880659726,,Top Up at Rahim Store,agent_device,0.0,0.0,Rahim Store
fb36ef0a-7ac3-40cd-9188-6972dd6c46ef,2026-04-23 13:35:57,dfca2d15-bd4f-42d6-bbaa-1f9b7be3f64c,6cbd13a6-e3ea-40d9-8fb5-374ec9d72325,3357.0,bill_payment,completed,01992232236,,Bill Payment at Rafiq Cash & Carry,ussd,0.0,0.0,Rafiq Cash & Carry
fc7bf3fa-33ef-4b6b-b526-cda4803abcb6,2026-04-23 17:08:30,fa40c4ce-7441-4e06-8a38-cd7d70f25c95,adc9bbd6-1cb3-4ff8-b396-cc6b132740b9,3006.36,bill_payment,pending,01951395350,,Bill Payment at Nusrat Digital Center,ussd,0.0,0.0,Nusrat Digital Center
1ee63469-c291-4963-9aa4-9339b65e1f3d,2026-04-23 17:50:02,44c4f793-d676-4d33-bcde-2681a1b4f7ee,adc9bbd6-1cb3-4ff8-b396-cc6b132740b9,9383.96,cash_out,completed,01566348030,,Cash Out at Rahim Store,ivr,140.76,0.0,Rahim Store
7e913477-9316-4312-bf50-cdd179a2eaa9,2026-04-24 11:11:07,6c48bc88-c7ca-4d0e-91ef-de13d8885718,6cbd13a6-e3ea-40d9-8fb5-374ec9d72325,2025.99,top_up,completed,01939888974,,Top Up at Nusrat Digital Center,ussd,0.0,0.0,Nusrat Digital Center
9a078df0-01dc-48da-bbf9-fdc458368491,2026-04-25 02:46:57,cbc3854f-22d6-4ac7-8db1-e1cdc23ce653,6cbd13a6-e3ea-40d9-8fb5-374ec9d72325,463.41,bill_payment,completed,01979438885,,Bill Payment at Sultana Mobile Corner,agent_device,0.0,0.0,Sultana Mobile Corner
52fc35e3-2a5c-4430-9626-c57c1b09fb3d,2026-04-25 04:55:30,cb2bff05-baa3-4513-8991-91b5f37d6f92,6cbd13a6-e3ea-40d9-8fb5-374ec9d72325,1726.77,top_up,completed,01723383077,,Top Up at Karim Telecom,ivr,0.0,0.0,Karim Telecom
389d5a67-3046-44b0-a38e-41a2f14ec241,2026-04-25 09:47:28,bf7c9de4-b6c1-49c7-b28e-78e6cbeb5b27,d434c15c-027e-4cf1-b07a-4ec66fb3b22d,3234.99,top_up,completed,01568065043,,Top Up at Nusrat Digital Center,ussd,0.0,0.0,Nusrat Digital Center
6c2e9746-fd17-402b-a70f-15f576f2b27b,2026-04-25 10:33:26,436d7d14-68b4-467d-80d1-d7e3123c3251,6cbd13a6-e3ea-40d9-8fb5-374ec9d72325,3763.32,payment,completed,01859070856,CP-891638,Payment at Rahim Store,app,0.0,0.0,Rahim Store
c34c1549-14d8-4a1a-bc67-f54932ac2489,2026-04-26 07:18:01,f8c80d07-4b43-4d21-a9d5-dbe89b0b0d38,adc9bbd6-1cb3-4ff8-b396-cc6b132740b9,16904.12,send_money,completed,01882446804,CP-975686,Send Money at Rafiq Cash & Carry,ussd,253.56,0.0,Rafiq Cash & Carry
18f67bfa-2e92-414c-a415-fb9f38c438e3,2026-04-27 03:59:23,111ab04b-46e1-4e9d-ab1e-ba4b8809ddc7,d434c15c-027e-4cf1-b07a-4ec66fb3b22d,18270.77,cash_out,reversed,01920113745,,Cash Out at Imran Communication,app,274.06,0.0,Imran Communication
cf5e4388-5f39-4532-8ed4-09522aaf70b4,2026-04-27 15:36:37,544165d5-3099-4aad-a789-de405e2a67c0,6cbd13a6-e3ea-40d9-8fb5-374ec9d72325,12606.13,cash_out,reversed,01873297813,,Cash Out at Parveen General Store,ussd,189.09,0.0,Parveen General Store
5c908849-f1b5-49d3-ad90-de85962fa352,2026-04-28 17:24:25,dfca2d15-bd4f-42d6-bbaa-1f9b7be3f64c,6cbd13a6-e3ea-40d9-8fb5-374ec9d72325,3722.66,top_up,completed,01855147280,,Top Up at Rafiq Cash & Carry,ivr,0.0,0.0,Rafiq Cash & Carry
caefaf47-d8f5-4587-ad5d-52473157e1f3,2026-04-28 22:08:57,da80f36a-d9a2-48de-a59c-8b46283b2973,6cbd13a6-e3ea-40d9-8fb5-374ec9d72325,2265.02,top_up,failed,01588268756,,Top Up at Alamgir Cash Center,ivr,0.0,0.0,Alamgir Cash Center
038ee779-1f26-486f-87f3-75b5ec09cc99,2026-04-29 04:22:17,093c9163-cf98-4187-b3f9-a6575c06a885,adc9bbd6-1cb3-4ff8-b396-cc6b132740b9,3032.53,payment,reversed,01358469365,CP-363926,Payment at Lipi Telecom,app,0.0,0.0,Lipi Telecom
bae936d7-9d49-4a2f-8c76-3305ca5bb8a3,2026-04-29 15:14:36,a056eb95-f011-4d15-9c0d-7905ba171d44,6cbd13a6-e3ea-40d9-8fb5-374ec9d72325,2354.47,top_up,failed,01621828592,,Top Up at Anwar Digital Point,ivr,0.0,0.0,Anwar Digital Point
a9082e28-71de-4eed-81df-a0a74ce80813,2026-04-30 21:19:17,78c00905-89e3-40b0-96bd-63e41fb5c19a,d434c15c-027e-4cf1-b07a-4ec66fb3b22d,3269.84,payment,completed,01345002007,CP-502206,Payment at Jahangir Electronics,app,0.0,0.0,Jahangir Electronics
9eb70457-9ca0-43e4-81d0-02ad5def69b6,2026-05-01 01:03:46,37533a39-8179-4633-a229-e4cf4d5d6536,d434c15c-027e-4cf1-b07a-4ec66fb3b22d,3986.04,payment,failed,01836484437,CP-571413,Payment at Kamrul General Store,ivr,0.0,0.0,Kamrul General Store
adbcc9fc-e367-45ef-be39-5043d14a0eb2,2026-05-01 09:05:43,436d7d14-68b4-467d-80d1-d7e3123c3251,6cbd13a6-e3ea-40d9-8fb5-374ec9d72325,9959.9,payment,completed,01751411602,CP-621530,Payment at Rahim Store,ussd,0.0,0.0,Rahim Store
2a5404cc-c2b0-44ef-84fc-69bffd55cc5f,2026-05-02 06:35:18,cbc3854f-22d6-4ac7-8db1-e1cdc23ce653,6cbd13a6-e3ea-40d9-8fb5-374ec9d72325,5025.78,payment,completed,01328392710,CP-848255,Payment at Sultana Mobile Corner,agent_device,0.0,0.0,Sultana Mobile Corner
f0cba159-6b9e-44ff-9f11-916a808c6dc6,2026-05-02 07:17:38,b0937503-a0fb-45d9-90c7-d37991dfd5d8,adc9bbd6-1cb3-4ff8-b396-cc6b132740b9,846.67,top_up,completed,01799853245,,Top Up at Anwar Digital Point,ussd,0.0,0.0,Anwar Digital Point
97088ff1-0cb9-42e6-8164-61aaeeb5a94e,2026-05-03 01:27:48,50310462-d85f-4c8d-804b-9cef90968906,6cbd13a6-e3ea-40d9-8fb5-374ec9d72325,4122.42,bill_payment,completed,01631803703,,Bill Payment at Imran Communication,app,0.0,0.0,Imran Communication
06d2b7de-fb2a-466e-a5ec-51e5c77bf7d3,2026-05-04 05:04:03,442d576a-cdd0-420a-bbcf-436821730125,d434c15c-027e-4cf1-b07a-4ec66fb3b22d,1328.07,top_up,reversed,01998473848,,Top Up at Hasan Mobile Recharge,app,0.0,0.0,Hasan Mobile Recharge
4668f70d-81af-475c-beef-e36490a6b130,2026-05-04 08:35:42,b0937503-a0fb-45d9-90c7-d37991dfd5d8,adc9bbd6-1cb3-4ff8-b396-cc6b132740b9,368.43,top_up,completed,01638351344,,Top Up at Anwar Digital Point,app,0.0,0.0,Anwar Digital Point
43d3f89c-1795-4475-957a-fa2bdb8379d8,2026-05-05 00:49:53,4fcd236b-bfa1-46c6-bf6d-d13dc36a1a80,d434c15c-027e-4cf1-b07a-4ec66fb3b22d,9784.46,payment,reversed,01923489853,CP-565230,Payment at Alamgir Cash Center,app,0.0,0.0,Alamgir Cash Center
5fbbde1a-082a-47b2-87e0-f4d5d11243df,2026-05-05 06:08:41,7a2150ad-e77b-4fb1-a023-d2aedf44e5d3,6cbd13a6-e3ea-40d9-8fb5-374ec9d72325,4449.02,bill_payment,completed,01616249441,,Bill Payment at Shahin Mobile Shop,ussd,0.0,0.0,Shahin Mobile Shop
1a4b7350-be15-4fd6-8ee7-762f3f6d1d79,2026-05-05 06:43:56,cc96d895-bc84-48f7-9a25-f2151f9ddcd5,adc9bbd6-1cb3-4ff8-b396-cc6b132740b9,15229.39,cash_out,failed,01955307111,,Cash Out at Bashir Telecom,agent_device,228.44,0.0,Bashir Telecom
a2fe1493-b719-4d3e-bd50-13c44efbb92b,2026-05-05 16:00:58,8400174a-98e9-4d78-8c85-6f98a9561f06,adc9bbd6-1cb3-4ff8-b396-cc6b132740b9,19315.37,send_money,reversed,01736040410,CP-485709,Send Money at Jahangir Electronics,ivr,289.73,0.0,Jahangir Electronics
78a2a69a-79c2-44da-a5ea-9c39014bb0f7,2026-05-05 16:23:09,de7f638c-b11c-4e3e-8c46-3bff17bdd4bd,d434c15c-027e-4cf1-b07a-4ec66fb3b22d,2922.94,bill_payment,pending,01853038943,,Bill Payment at Tasnim Cyber Cafe,app,0.0,0.0,Tasnim Cyber Cafe
6a2970f9-1a42-4770-acc8-6caae3b07db4,2026-05-06 02:39:53,b19d437d-03c6-40d2-a70a-039a8f9f6e68,6cbd13a6-e3ea-40d9-8fb5-374ec9d72325,11512.53,cash_out,completed,01862138657,,Cash Out at Rina Gift House,ivr,172.69,0.0,Rina Gift House
67c22c61-e63f-46cd-8a22-d74b534c5b63,2026-05-07 00:02:04,cbc3854f-22d6-4ac7-8db1-e1cdc23ce653,6cbd13a6-e3ea-40d9-8fb5-374ec9d72325,5264.48,payment,pending,01558841557,CP-490963,Payment at Sultana Mobile Corner,agent_device,0.0,0.0,Sultana Mobile Corner
99c28c7a-b870-4b73-9149-fef1019c6148,2026-05-07 04:23:14,6c48bc88-c7ca-4d0e-91ef-de13d8885718,6cbd13a6-e3ea-40d9-8fb5-374ec9d72325,36915.91,cash_in,completed,01861940566,,Cash In at Nusrat Digital Center,ussd,0.0,184.58,Nusrat Digital Center
ae1bebe5-8346-4e77-93a2-2f09fd651c47,2026-05-07 10:52:55,65f09dc3-c7de-4c13-a574-918d70ca7081,adc9bbd6-1cb3-4ff8-b396-cc6b132740b9,8655.86,payment,reversed,01398269682,CP-668950,Payment at Rubina Electronics,ivr,0.0,0.0,Rubina Electronics
92e4f0c4-1751-4e3a-bf1d-f886c3c88dd7,2026-05-08 08:44:01,50310462-d85f-4c8d-804b-9cef90968906,6cbd13a6-e3ea-40d9-8fb5-374ec9d72325,2286.74,bill_payment,pending,01675927774,,Bill Payment at Imran Communication,app,0.0,0.0,Imran Communication
ef8449a4-3d2d-49c1-aa95-9e4636b46abf,2026-05-09 10:30:23,e195a484-4080-4865-b546-5691466ac7f4,adc9bbd6-1cb3-4ff8-b396-cc6b132740b9,16868.86,cash_in,failed,01797011385,,Cash In at Salam Mobile Corner,agent_device,0.0,84.34,Salam Mobile Corner
ba19684b-b800-4547-8d22-a2433e01f11d,2026-05-10 12:01:12,f67fbe40-68a7-4df1-979d-9d6fb04dab30,d434c15c-027e-4cf1-b07a-4ec66fb3b22d,3134.38,bill_payment,completed,01551663795,,Bill Payment at Parveen General Store,app,0.0,0.0,Parveen General Store
bbd4ea5c-51f0-40ca-9a48-73f8c7649a4f,2026-05-10 19:43:11,38ceace9-39ec-4933-bccc-7a54315617cc,d434c15c-027e-4cf1-b07a-4ec66fb3b22d,23091.92,cash_out,failed,01966420024,,Cash Out at Abdul Cash Point,agent_device,346.38,0.0,Abdul Cash Point
4dbcbf86-6c2e-4f16-80d6-90f11822e0e0,2026-05-10 21:54:23,bf7c9de4-b6c1-49c7-b28e-78e6cbeb5b27,d434c15c-027e-4cf1-b07a-4ec66fb3b22d,2475.09,bill_payment,completed,01991721371,,Bill Payment at Nusrat Digital Center,app,0.0,0.0,Nusrat Digital Center
54833b97-ba75-403b-a8c7-1a5220539259,2026-05-10 22:20:46,dc79f40b-1465-46fe-9859-ebeb0bd1f792,adc9bbd6-1cb3-4ff8-b396-cc6b132740b9,8144.98,payment,pending,01371045700,CP-192337,Payment at Shireen Mobile Shop,agent_device,0.0,0.0,Shireen Mobile Shop
ccee91f5-904e-4c78-bfb3-0fcfcd47f030,2026-05-11 02:59:34,ea1d2bf3-fa81-4ed5-8346-3ccf354bed74,adc9bbd6-1cb3-4ff8-b396-cc6b132740b9,2148.86,top_up,reversed,01553947691,,Top Up at Parveen General Store,agent_device,0.0,0.0,Parveen General Store
adb3b99f-a541-4461-ad80-931078f29a2f,2026-05-12 01:44:29,f8c80d07-4b43-4d21-a9d5-dbe89b0b0d38,adc9bbd6-1cb3-4ff8-b396-cc6b132740b9,32859.92,cash_in,reversed,01914252622,,Cash In at Rafiq Cash & Carry,ussd,0.0,164.3,Rafiq Cash & Carry
d0abaddf-0abc-4dc2-a139-7b18fe1b00ed,2026-05-12 05:54:43,093c9163-cf98-4187-b3f9-a6575c06a885,adc9bbd6-1cb3-4ff8-b396-cc6b132740b9,2654.13,bill_payment,completed,01646930534,,Bill Payment at Lipi Telecom,ussd,0.0,0.0,Lipi Telecom
52ec8df3-b6b5-4309-a33b-81de31a30401,2026-05-12 23:26:58,55bd9851-d6e2-407d-9a38-6d663889a2d3,adc9bbd6-1cb3-4ff8-b396-cc6b132740b9,3622.46,bill_payment,pending,01764953237,,Bill Payment at Habib Telecom,ussd,0.0,0.0,Habib Telecom
bc39b29e-e4cc-41e3-888d-cb7881303c55,2026-05-12 23:33:53,d85821c7-e5e1-4d6f-999f-e0bf00be99e7,6cbd13a6-e3ea-40d9-8fb5-374ec9d72325,20517.99,send_money,completed,01987396877,CP-758015,Circular send at Lipi Telecom,app,307.77,0.0,Lipi Telecom
fb32cc01-6b65-4b31-904b-64bd8d669c6d,2026-05-12 23:35:53,d85821c7-e5e1-4d6f-999f-e0bf00be99e7,6cbd13a6-e3ea-40d9-8fb5-374ec9d72325,39991.06,send_money,completed,01946072958,CP-868538,Circular send at Lipi Telecom,app,599.87,0.0,Lipi Telecom
4c3b98c1-a166-4a81-8b01-b0f14dfad9a6,2026-05-12 23:36:53,d85821c7-e5e1-4d6f-999f-e0bf00be99e7,6cbd13a6-e3ea-40d9-8fb5-374ec9d72325,14777.72,send_money,completed,01928416255,CP-835575,Circular send at Lipi Telecom,app,221.67,0.0,Lipi Telecom
07d7ac32-4499-4569-893e-a2911ba43fac,2026-05-13 01:16:45,836b7810-7f10-4d11-aa2b-429d0b40d3b4,6cbd13a6-e3ea-40d9-8fb5-374ec9d72325,2419.66,top_up,completed,01935649468,,Top Up at Shireen Mobile Shop,agent_device,0.0,0.0,Shireen Mobile Shop
e4eb963b-152a-4c9f-9e58-0f367f1eb10c,2026-05-13 07:02:25,d85821c7-e5e1-4d6f-999f-e0bf00be99e7,6cbd13a6-e3ea-40d9-8fb5-374ec9d72325,1348.96,bill_payment,completed,01973655158,,Bill Payment at Lipi Telecom,ussd,0.0,0.0,Lipi Telecom
2567861e-e353-48b8-a72b-27064068c4b6,2026-05-13 22:20:38,65f09dc3-c7de-4c13-a574-918d70ca7081,adc9bbd6-1cb3-4ff8-b396-cc6b132740b9,13739.85,cash_in,completed,01522993840,,Cash In at Rubina Electronics,ussd,0.0,68.7,Rubina Electronics
a4bbc035-87e2-461c-a0e1-3b3e2c47ac2d,2026-05-14 05:19:29,544165d5-3099-4aad-a789-de405e2a67c0,6cbd13a6-e3ea-40d9-8fb5-374ec9d72325,6746.48,cash_in,pending,01988566318,,Cash In at Parveen General Store,agent_device,0.0,33.73,Parveen General Store
49a2e321-ad57-4c66-b58f-ba93780e3741,2026-05-14 14:07:11,42297c6c-3b85-48b4-b79c-56485019817a,d434c15c-027e-4cf1-b07a-4ec66fb3b22d,3681.9,payment,pending,01589487366,CP-672133,Payment at Fatema Electronics,app,0.0,0.0,Fatema Electronics
596fdcdb-88c5-470d-a718-c579cd0c5332,2026-05-14 16:03:38,b0937503-a0fb-45d9-90c7-d37991dfd5d8,adc9bbd6-1cb3-4ff8-b396-cc6b132740b9,6423.45,cash_out,reversed,01859104566,,Cash Out at Anwar Digital Point,agent_device,96.35,0.0,Anwar Digital Point
2f30b1ea-8679-4b0b-b913-27ef6e98bb74,2026-05-14 17:32:13,804cbfd4-abdb-4dfa-bf0c-d3fe2ca63004,adc9bbd6-1cb3-4ff8-b396-cc6b132740b9,6816.26,send_money,completed,01666581473,CP-364525,Send Money at Karim Telecom,ussd,102.24,0.0,Karim Telecom
9eab3820-f289-4208-b1b1-d901a3b1b4ed,2026-05-15 06:51:22,8a002489-9940-4b95-89d9-991af2f6de6f,d434c15c-027e-4cf1-b07a-4ec66fb3b22d,25768.92,cash_in,completed,01878444607,,Cash In at Shahin Mobile Shop,app,0.0,128.84,Shahin Mobile Shop
af2e19e4-3e17-45d6-bc47-753b2f91afb2,2026-05-15 11:27:16,e0e3aa2d-7d23-46ee-b8f7-c1745733a24b,adc9bbd6-1cb3-4ff8-b396-cc6b132740b9,2762.17,bill_payment,completed,01577674279,,Bill Payment at Shahin Mobile Shop,ivr,0.0,0.0,Shahin Mobile Shop
0e328b1d-a51c-4959-9e9b-dcd1c616a7d0,2026-05-15 19:39:17,7b67f0dc-7c35-459d-bc5a-999d4ed392be,adc9bbd6-1cb3-4ff8-b396-cc6b132740b9,6515.87,payment,reversed,01681621574,CP-498468,Payment at Kamrul General Store,agent_device,0.0,0.0,Kamrul General Store
9d70e319-1a81-45d8-b101-6f2e2c012025,2026-05-16 17:33:28,8a002489-9940-4b95-89d9-991af2f6de6f,d434c15c-027e-4cf1-b07a-4ec66fb3b22d,13435.66,send_money,reversed,01554265498,CP-531641,Send Money at Shahin Mobile Shop,ivr,201.53,0.0,Shahin Mobile Shop
cc78cdb6-1b77-4d3b-9930-f845e13cf515,2026-05-17 07:25:48,00b2564e-af0f-449f-a4e8-2937c331d9fc,d434c15c-027e-4cf1-b07a-4ec66fb3b22d,3030.41,top_up,completed,01711656329,,Top Up at Anwar Digital Point,agent_device,0.0,0.0,Anwar Digital Point
31262af3-dac3-48a5-8703-47c78204c79f,2026-05-17 14:33:36,da80f36a-d9a2-48de-a59c-8b46283b2973,6cbd13a6-e3ea-40d9-8fb5-374ec9d72325,43357.01,cash_in,completed,01626706752,,Cash In at Alamgir Cash Center,agent_device,0.0,216.79,Alamgir Cash Center
2300b48a-58cf-4def-bbc2-06f21647e0e6,2026-05-17 20:46:57,836f81df-f2fb-4d4b-ad1e-a32d86e817ed,6cbd13a6-e3ea-40d9-8fb5-374ec9d72325,4686.74,payment,reversed,01973013937,CP-898625,Payment at Abdul Cash Point,agent_device,0.0,0.0,Abdul Cash Point
a3813ffe-cbed-4f78-8581-27e8234747c4,2026-05-17 23:39:49,cb2bff05-baa3-4513-8991-91b5f37d6f92,6cbd13a6-e3ea-40d9-8fb5-374ec9d72325,35546.92,cash_in,completed,01616109013,,Cash In at Karim Telecom,ussd,0.0,177.73,Karim Telecom
8b20ccee-c0dc-4c02-9360-f0efa8bc15da,2026-05-18 02:54:00,b95b3e55-45c1-4dcb-90b8-cdf1325fd1e4,d434c15c-027e-4cf1-b07a-4ec66fb3b22d,12994.6,send_money,failed,01542737441,CP-641058,Send Money at Bashir Telecom,app,194.92,0.0,Bashir Telecom
13fb30ff-bb7b-4147-8ab0-25b660ecbce7,2026-05-18 03:29:29,724dcdc9-67e5-4753-a73d-7d972b041640,6cbd13a6-e3ea-40d9-8fb5-374ec9d72325,19624.27,cash_in,completed,01847543473,,Cash In at Rubina Electronics,ussd,0.0,98.12,Rubina Electronics
26966521-9b17-4630-9e82-ad8c727d5d61,2026-05-18 10:15:00,b0937503-a0fb-45d9-90c7-d37991dfd5d8,adc9bbd6-1cb3-4ff8-b396-cc6b132740b9,2091.5,bill_payment,pending,01573900135,,Bill Payment at Anwar Digital Point,ivr,0.0,0.0,Anwar Digital Point
271dd02c-971c-4f89-81ff-b4d74b465cef,2026-05-18 11:06:34,6d8f14b3-2aec-4984-a033-f4d0677daa23,d434c15c-027e-4cf1-b07a-4ec66fb3b22d,1183.85,payment,failed,01780828710,CP-770153,Payment at Karim Telecom,agent_device,0.0,0.0,Karim Telecom
17145791-e9b1-46e6-803b-44d767b13b9f,2026-05-18 19:42:00,110c0ca9-6ce0-45cc-8a7c-c503262f788d,6cbd13a6-e3ea-40d9-8fb5-374ec9d72325,2281.24,payment,completed,01684660688,CP-485415,Payment at Jahangir Electronics,ussd,0.0,0.0,Jahangir Electronics
f64f470b-1b50-4c5f-94ac-de3de7fea664,2026-05-18 22:35:00,fc174035-b2f6-478b-aad1-55fb777b1e4b,adc9bbd6-1cb3-4ff8-b396-cc6b132740b9,8248.36,cash_in,completed,01789699989,,Cash In at Abdul Cash Point,ivr,0.0,41.24,Abdul Cash Point
835c6da2-5629-4461-895e-3c0c48c7e7b4,2026-05-18 23:16:10,ea1d2bf3-fa81-4ed5-8346-3ccf354bed74,adc9bbd6-1cb3-4ff8-b396-cc6b132740b9,3512.77,bill_payment,pending,01788831486,,Bill Payment at Parveen General Store,app,0.0,0.0,Parveen General Store
54b49b1f-adcb-4046-a48e-4549612518df,2026-05-19 02:17:00,093c9163-cf98-4187-b3f9-a6575c06a885,adc9bbd6-1cb3-4ff8-b396-cc6b132740b9,4062.78,bill_payment,completed,01823656928,,Bill Payment at Lipi Telecom,app,0.0,0.0,Lipi Telecom
93d3b6c1-b71e-446a-b37a-81e256be1d94,2026-05-19 04:36:27,7a2150ad-e77b-4fb1-a023-d2aedf44e5d3,6cbd13a6-e3ea-40d9-8fb5-374ec9d72325,18176.15,cash_in,completed,01642363373,,Cash In at Shahin Mobile Shop,ussd,0.0,90.88,Shahin Mobile Shop
1e9f0e81-b2fb-4c5b-aa1b-6c61fcdfd614,2026-05-19 06:30:42,dc79f40b-1465-46fe-9859-ebeb0bd1f792,adc9bbd6-1cb3-4ff8-b396-cc6b132740b9,2984.09,bill_payment,pending,01556300738,,Bill Payment at Shireen Mobile Shop,ussd,0.0,0.0,Shireen Mobile Shop
83159b70-6c5b-49cf-92b1-15f80b26035e,2026-05-19 07:03:00,55bd9851-d6e2-407d-9a38-6d663889a2d3,adc9bbd6-1cb3-4ff8-b396-cc6b132740b9,4535.4,bill_payment,completed,01941250794,,Bill Payment at Habib Telecom,ussd,0.0,0.0,Habib Telecom
b1ca8b03-5648-424a-8628-2198cdac2461,2026-05-19 08:11:34,de7f638c-b11c-4e3e-8c46-3bff17bdd4bd,d434c15c-027e-4cf1-b07a-4ec66fb3b22d,16169.41,cash_out,pending,01934166826,,Cash Out at Tasnim Cyber Cafe,app,242.54,0.0,Tasnim Cyber Cafe
0e7e2567-774c-432e-938f-ca01756e3342,2026-05-19 10:28:00,e195a484-4080-4865-b546-5691466ac7f4,adc9bbd6-1cb3-4ff8-b396-cc6b132740b9,822.01,top_up,completed,01339801436,,Top Up at Salam Mobile Corner,ivr,0.0,0.0,Salam Mobile Corner
d8a7d4fe-66f7-44bd-b251-46b9d0b9cfd6,2026-05-19 11:20:47,8b085a44-5f70-49cc-90d0-a11b4b1e674c,d434c15c-027e-4cf1-b07a-4ec66fb3b22d,3232.44,send_money,completed,01953537934,CP-914571,Send Money at Khaleda General Store,ussd,48.49,0.0,Khaleda General Store
402ed662-2fd0-4865-a39f-4de3a7918fd7,2026-05-19 14:10:00,e7888f4e-b1de-4edf-92b4-082d19edf354,6cbd13a6-e3ea-40d9-8fb5-374ec9d72325,10018.49,cash_out,failed,01556442431,,Cash Out at Tasnim Cyber Cafe,agent_device,150.28,0.0,Tasnim Cyber Cafe
554bdff6-0095-4331-85f3-fbc19dba12be,2026-05-19 15:50:00,b0937503-a0fb-45d9-90c7-d37991dfd5d8,adc9bbd6-1cb3-4ff8-b396-cc6b132740b9,381.98,payment,completed,01927637794,CP-194511,Payment at Anwar Digital Point,agent_device,0.0,0.0,Anwar Digital Point
41371c04-973f-4a16-9ed4-8f0ba019ae75,2026-05-19 20:14:00,44c4f793-d676-4d33-bcde-2681a1b4f7ee,adc9bbd6-1cb3-4ff8-b396-cc6b132740b9,436.23,bill_payment,failed,01314164775,,Bill Payment at Rahim Store,app,0.0,0.0,Rahim Store
a88ac8f9-bb33-4fdd-8c93-390f57e5c83e,2026-05-19 20:41:51,40299b26-cbc8-4cae-bc85-f9053fe6a709,adc9bbd6-1cb3-4ff8-b396-cc6b132740b9,15257.74,cash_out,reversed,01957535513,,Cash Out at Alamgir Cash Center,ussd,228.87,0.0,Alamgir Cash Center
1fe7ba45-7265-484e-8ee7-4838040a537d,2026-05-19 22:19:17,3395cd83-5534-4e2b-b127-eb146812225a,d434c15c-027e-4cf1-b07a-4ec66fb3b22d,1545.0,top_up,pending,01867740376,,Top Up at Rubina Electronics,ussd,0.0,0.0,Rubina Electronics
51c8b0d0-48aa-411c-817a-60f4c252b45c,2026-05-19 23:23:35,de7f638c-b11c-4e3e-8c46-3bff17bdd4bd,d434c15c-027e-4cf1-b07a-4ec66fb3b22d,1549.77,top_up,failed,01612944682,,Top Up at Tasnim Cyber Cafe,ivr,0.0,0.0,Tasnim Cyber Cafe
4237298e-4359-480b-adc2-a24fd034c501,2026-05-20 02:51:55,4fcd236b-bfa1-46c6-bf6d-d13dc36a1a80,d434c15c-027e-4cf1-b07a-4ec66fb3b22d,30452.19,cash_in,failed,01759790013,,Cash In at Alamgir Cash Center,agent_device,0.0,152.26,Alamgir Cash Center
7793decb-ecf3-469b-be67-16d86ed7a36b,2026-05-20 07:28:00,e0e3aa2d-7d23-46ee-b8f7-c1745733a24b,adc9bbd6-1cb3-4ff8-b396-cc6b132740b9,2818.23,top_up,completed,01313524813,,Top Up at Shahin Mobile Shop,ussd,0.0,0.0,Shahin Mobile Shop
799064e5-d30f-4360-9680-b316c8d0d802,2026-05-20 09:11:00,fc174035-b2f6-478b-aad1-55fb777b1e4b,adc9bbd6-1cb3-4ff8-b396-cc6b132740b9,2281.04,bill_payment,completed,01952894344,,Bill Payment at Abdul Cash Point,agent_device,0.0,0.0,Abdul Cash Point
6968a4ae-600a-4f20-b0f8-668013b4f7df,2026-05-20 10:34:56,fc174035-b2f6-478b-aad1-55fb777b1e4b,adc9bbd6-1cb3-4ff8-b396-cc6b132740b9,4568.32,send_money,completed,01397236246,CP-451577,Send Money at Abdul Cash Point,app,68.52,0.0,Abdul Cash Point
cd76b1c4-1b5c-4464-8495-10f3f1365977,2026-05-20 13:13:00,7a2150ad-e77b-4fb1-a023-d2aedf44e5d3,6cbd13a6-e3ea-40d9-8fb5-374ec9d72325,6133.44,send_money,completed,01535504548,CP-877493,Send Money at Shahin Mobile Shop,ussd,92.0,0.0,Shahin Mobile Shop
dec7ade6-1336-4d59-abb4-39a073ba02f5,2026-05-20 13:29:45,3395cd83-5534-4e2b-b127-eb146812225a,d434c15c-027e-4cf1-b07a-4ec66fb3b22d,13610.06,send_money,completed,01996879854,CP-450905,Send Money at Rubina Electronics,ussd,204.15,0.0,Rubina Electronics
6afe6851-a1c9-4a88-a554-bd319a6a0ba0,2026-05-20 15:49:55,55bd9851-d6e2-407d-9a38-6d663889a2d3,adc9bbd6-1cb3-4ff8-b396-cc6b132740b9,10242.76,cash_out,completed,01759805178,,Cash Out at Habib Telecom,ussd,153.64,0.0,Habib Telecom
205f78cf-59fc-4f8e-be67-d2ea50d9379d,2026-05-20 17:47:00,70d02322-9e19-4771-8852-821f14f61a21,adc9bbd6-1cb3-4ff8-b396-cc6b132740b9,2834.17,top_up,failed,01839666377,,Top Up at Tasnim Cyber Cafe,ivr,0.0,0.0,Tasnim Cyber Cafe
fb2434aa-0de8-4db6-8580-fc6a917a9ea6,2026-05-20 18:17:48,3e2096fc-b6fe-4433-98ee-6b28166f74d6,6cbd13a6-e3ea-40d9-8fb5-374ec9d72325,4735.7,top_up,completed,01861053877,,Top Up at Khaleda General Store,ivr,0.0,0.0,Khaleda General Store
fd6fbf04-7118-4dff-97b6-641199d1883e,2026-05-20 23:20:00,bf7c9de4-b6c1-49c7-b28e-78e6cbeb5b27,d434c15c-027e-4cf1-b07a-4ec66fb3b22d,2444.02,bill_payment,completed,01633244151,,Bill Payment at Nusrat Digital Center,ivr,0.0,0.0,Nusrat Digital Center
bbe18267-8366-4e4b-8e16-9e2092063214,2026-05-21 00:42:00,03e47a62-2b2e-4893-9842-b902b5709eeb,6cbd13a6-e3ea-40d9-8fb5-374ec9d72325,742.37,payment,failed,01914114726,CP-196214,Payment at Hasan Mobile Recharge,app,0.0,0.0,Hasan Mobile Recharge
8513da75-a75d-4b20-ac96-3a6d864ee76d,2026-05-21 05:47:00,2a346c70-5f5a-4099-b083-8d785f8df72a,d434c15c-027e-4cf1-b07a-4ec66fb3b22d,8336.75,payment,completed,01591478884,CP-940886,Payment at Shireen Mobile Shop,agent_device,0.0,0.0,Shireen Mobile Shop
3855e909-5811-4ed0-86ff-437f07260744,2026-05-21 09:35:00,8400174a-98e9-4d78-8c85-6f98a9561f06,adc9bbd6-1cb3-4ff8-b396-cc6b132740b9,2590.89,send_money,completed,01881602209,CP-197966,Send Money at Jahangir Electronics,app,38.86,0.0,Jahangir Electronics
ecf46a79-c76a-4265-9b84-4d3f12bba16d,2026-05-21 11:01:18,544165d5-3099-4aad-a789-de405e2a67c0,6cbd13a6-e3ea-40d9-8fb5-374ec9d72325,2741.9,cash_out,failed,01942594692,,Cash Out at Parveen General Store,ussd,41.13,0.0,Parveen General Store
7f2bf4d8-a709-4c70-9d71-e85321f1f7bc,2026-05-21 11:59:34,f8c80d07-4b43-4d21-a9d5-dbe89b0b0d38,adc9bbd6-1cb3-4ff8-b396-cc6b132740b9,22092.87,cash_in,completed,01352018286,,Cash In at Rafiq Cash & Carry,ivr,0.0,110.46,Rafiq Cash & Carry
f17f1458-99ba-4b4f-a263-496f19919a3e,2026-05-22 00:39:00,6c48bc88-c7ca-4d0e-91ef-de13d8885718,6cbd13a6-e3ea-40d9-8fb5-374ec9d72325,33861.45,cash_in,completed,01798843907,,Cash In at Nusrat Digital Center,ivr,0.0,169.31,Nusrat Digital Center
4ac056c7-e03e-4f3a-9fd3-c4963db67115,2026-05-22 00:55:00,ece67e51-f14f-4c28-99b8-dad30b2842fa,d434c15c-027e-4cf1-b07a-4ec66fb3b22d,39031.81,cash_in,completed,01579519112,,Cash In at Sultana Mobile Corner,ivr,0.0,195.16,Sultana Mobile Corner
4c2b6ac7-8a59-49d0-a66c-2dffd7e58abd,2026-05-22 07:07:00,dfca2d15-bd4f-42d6-bbaa-1f9b7be3f64c,6cbd13a6-e3ea-40d9-8fb5-374ec9d72325,2432.42,top_up,failed,01333002714,,Top Up at Rafiq Cash & Carry,ussd,0.0,0.0,Rafiq Cash & Carry
a0b00a49-560b-4eca-82bc-e58bd04b545e,2026-05-22 10:54:47,724dcdc9-67e5-4753-a73d-7d972b041640,6cbd13a6-e3ea-40d9-8fb5-374ec9d72325,4800.61,payment,completed,01653106399,CP-399279,Payment at Rubina Electronics,ussd,0.0,0.0,Rubina Electronics
53f75c95-dafc-404c-95c5-9ebb7c70e80d,2026-05-22 20:07:11,8400174a-98e9-4d78-8c85-6f98a9561f06,adc9bbd6-1cb3-4ff8-b396-cc6b132740b9,1263.9,bill_payment,completed,01848242379,,Bill Payment at Jahangir Electronics,ivr,0.0,0.0,Jahangir Electronics
413488a0-966a-44b8-aded-dcc16fa6a0a1,2026-05-23 02:59:50,544165d5-3099-4aad-a789-de405e2a67c0,6cbd13a6-e3ea-40d9-8fb5-374ec9d72325,36379.77,cash_in,pending,01586767229,,Cash In at Parveen General Store,app,0.0,181.9,Parveen General Store
8296aebd-c60b-4e12-9779-f6127e73bf86,2026-05-23 04:28:03,7b67f0dc-7c35-459d-bc5a-999d4ed392be,adc9bbd6-1cb3-4ff8-b396-cc6b132740b9,1052.73,top_up,failed,01776354180,,Top Up at Kamrul General Store,ivr,0.0,0.0,Kamrul General Store
2af77c03-281d-4990-8225-019deef10af4,2026-05-23 06:54:45,510059ad-2c3d-4ae3-97d6-0568f2ec8f16,adc9bbd6-1cb3-4ff8-b396-cc6b132740b9,2475.12,payment,pending,01561484043,CP-299869,Payment at Hasan Mobile Recharge,app,0.0,0.0,Hasan Mobile Recharge
f15143f5-c340-4292-92b7-7b7b6b8a6ac6,2026-05-23 12:29:33,2a346c70-5f5a-4099-b083-8d785f8df72a,d434c15c-027e-4cf1-b07a-4ec66fb3b22d,28050.72,cash_out,completed,01776489301,,Cash Out at Shireen Mobile Shop,app,420.76,0.0,Shireen Mobile Shop
e2097154-0b78-48d1-8a5f-02c3fd7ca5dc,2026-05-24 00:41:06,f905b355-5a73-496a-be08-f546e497a876,d434c15c-027e-4cf1-b07a-4ec66fb3b22d,13419.85,cash_out,completed,01793135800,,Cash out at Lipi Telecom (anomalous cluster),agent_device,201.3,0.0,Lipi Telecom
153ee474-7e38-4b78-b018-e02d8921f8b6,2026-05-24 00:46:06,f905b355-5a73-496a-be08-f546e497a876,d434c15c-027e-4cf1-b07a-4ec66fb3b22d,11355.02,cash_out,completed,01796605343,,Cash out at Lipi Telecom (anomalous cluster),agent_device,170.33,0.0,Lipi Telecom
86c67a90-1858-43d3-af15-0777cd972b1a,2026-05-24 00:48:06,f905b355-5a73-496a-be08-f546e497a876,d434c15c-027e-4cf1-b07a-4ec66fb3b22d,10054.38,cash_out,completed,01776433728,,Cash out at Lipi Telecom (anomalous cluster),agent_device,150.82,0.0,Lipi Telecom
d285f1a4-50e1-4da3-a578-4ebe0957725b,2026-05-24 00:48:06,f905b355-5a73-496a-be08-f546e497a876,d434c15c-027e-4cf1-b07a-4ec66fb3b22d,10108.06,cash_out,completed,01786868379,,Cash out at Lipi Telecom (anomalous cluster),agent_device,151.62,0.0,Lipi Telecom
3e27d9b7-0bfc-4161-bfdd-2b9a36a2a3fc,2026-05-24 00:48:06,f905b355-5a73-496a-be08-f546e497a876,d434c15c-027e-4cf1-b07a-4ec66fb3b22d,7185.42,cash_out,completed,01767063296,,Cash out at Lipi Telecom (anomalous cluster),agent_device,107.78,0.0,Lipi Telecom
a2090108-71ff-4af1-9014-09bace69c24e,2026-05-24 00:56:06,f905b355-5a73-496a-be08-f546e497a876,d434c15c-027e-4cf1-b07a-4ec66fb3b22d,12610.57,cash_out,completed,01749203644,,Cash out at Lipi Telecom (anomalous cluster),agent_device,189.16,0.0,Lipi Telecom
b5cea43b-ab35-4675-8653-8bf3006ab73c,2026-05-24 18:08:14,1f594dcf-8346-4120-9003-435898ea0df0,d434c15c-027e-4cf1-b07a-4ec66fb3b22d,16591.49,cash_out,completed,01320746667,,Cash Out at Rahim Store,agent_device,248.87,0.0,Rahim Store
c7c7c7c5-8d94-47da-936f-e4c050368c97,2026-05-25 05:42:43,fa40c4ce-7441-4e06-8a38-cd7d70f25c95,adc9bbd6-1cb3-4ff8-b396-cc6b132740b9,1415.14,top_up,reversed,01521631697,,Top Up at Nusrat Digital Center,agent_device,0.0,0.0,Nusrat Digital Center
538dfb66-9e18-422e-a975-43453c98443d,2026-05-25 08:55:13,44c4f793-d676-4d33-bcde-2681a1b4f7ee,adc9bbd6-1cb3-4ff8-b396-cc6b132740b9,2254.71,bill_payment,completed,01635074182,,Bill Payment at Rahim Store,ivr,0.0,0.0,Rahim Store
cf9ba70e-5e99-40bc-88b1-897ca8597a95,2026-05-25 09:14:22,093c9163-cf98-4187-b3f9-a6575c06a885,adc9bbd6-1cb3-4ff8-b396-cc6b132740b9,17359.34,cash_in,reversed,01889941241,,Cash In at Lipi Telecom,ivr,0.0,86.8,Lipi Telecom
025d1fbd-82fb-4383-aa9f-8d049fe8f895,2026-05-25 13:36:26,e0e3aa2d-7d23-46ee-b8f7-c1745733a24b,adc9bbd6-1cb3-4ff8-b396-cc6b132740b9,22754.38,cash_out,reversed,01328808678,,Cash Out at Shahin Mobile Shop,agent_device,341.32,0.0,Shahin Mobile Shop
1bfa4add-454c-404d-b8c5-f4bb0e312b42,2026-05-25 14:02:25,836f81df-f2fb-4d4b-ad1e-a32d86e817ed,6cbd13a6-e3ea-40d9-8fb5-374ec9d72325,14790.0,cash_out,completed,01749276764,,Cash out at Abdul Cash Point (anomalous cluster),agent_device,221.85,0.0,Abdul Cash Point
e983efe1-9527-4288-afb9-129fe1078948,2026-05-25 14:16:25,836f81df-f2fb-4d4b-ad1e-a32d86e817ed,6cbd13a6-e3ea-40d9-8fb5-374ec9d72325,13118.89,cash_out,completed,01738169370,,Cash out at Abdul Cash Point (anomalous cluster),agent_device,196.78,0.0,Abdul Cash Point
56be0d44-080c-4233-8184-34ae9dfa0430,2026-05-25 14:16:25,836f81df-f2fb-4d4b-ad1e-a32d86e817ed,6cbd13a6-e3ea-40d9-8fb5-374ec9d72325,13435.56,cash_out,completed,01762707402,,Cash out at Abdul Cash Point (anomalous cluster),agent_device,201.53,0.0,Abdul Cash Point
530da9a3-88a0-466e-b7f1-c010d28ac44c,2026-05-25 14:17:25,836f81df-f2fb-4d4b-ad1e-a32d86e817ed,6cbd13a6-e3ea-40d9-8fb5-374ec9d72325,7066.2,cash_out,completed,01737775381,,Cash out at Abdul Cash Point (anomalous cluster),agent_device,105.99,0.0,Abdul Cash Point
f4d16c32-c3e4-4d76-b117-549e935726ba,2026-05-25 14:21:25,836f81df-f2fb-4d4b-ad1e-a32d86e817ed,6cbd13a6-e3ea-40d9-8fb5-374ec9d72325,5592.86,cash_out,completed,01747221734,,Cash out at Abdul Cash Point (anomalous cluster),agent_device,83.89,0.0,Abdul Cash Point
c20f6651-7e17-4ac1-a1e6-93d5d40651ca,2026-05-26 01:12:12,e195a484-4080-4865-b546-5691466ac7f4,adc9bbd6-1cb3-4ff8-b396-cc6b132740b9,774.71,top_up,completed,01752196099,,Top Up at Salam Mobile Corner,agent_device,0.0,0.0,Salam Mobile Corner
3c734e83-6ce8-4583-93b8-30882aedd7c6,2026-05-26 07:01:59,d2e59588-114f-4a71-be6a-e0c1365ccabc,adc9bbd6-1cb3-4ff8-b396-cc6b132740b9,4373.84,bill_payment,completed,01915937353,,Bill Payment at Momena Bazar,ivr,0.0,0.0,Momena Bazar
9c60817c-5d50-4a70-b848-b6fce7db946f,2026-05-26 07:43:09,510059ad-2c3d-4ae3-97d6-0568f2ec8f16,adc9bbd6-1cb3-4ff8-b396-cc6b132740b9,6108.72,send_money,failed,01811534878,CP-374258,Send Money at Hasan Mobile Recharge,agent_device,91.63,0.0,Hasan Mobile Recharge
0a8d04d3-2a4b-4981-ad47-5e0c48afcbc1,2026-05-26 11:04:20,30eabafb-49c6-440a-abca-1d2caeec244b,d434c15c-027e-4cf1-b07a-4ec66fb3b22d,15064.66,cash_in,completed,01942655866,,Cash In at Habib Telecom,agent_device,0.0,75.32,Habib Telecom
3ab6c22e-cbce-43c2-b3fb-8ed490b86380,2026-05-26 14:42:19,836f81df-f2fb-4d4b-ad1e-a32d86e817ed,6cbd13a6-e3ea-40d9-8fb5-374ec9d72325,3294.0,top_up,completed,01873837847,,Top Up at Abdul Cash Point,app,0.0,0.0,Abdul Cash Point
b347b98c-4320-4ed1-9de8-f4cdc5afaf46,2026-05-26 18:56:57,cb2bff05-baa3-4513-8991-91b5f37d6f92,6cbd13a6-e3ea-40d9-8fb5-374ec9d72325,3422.37,payment,completed,01765833185,CP-865054,Payment at Karim Telecom,ussd,0.0,0.0,Karim Telecom
d42c5dca-96e0-4437-8a6c-e5592cd641a2,2026-05-27 07:15:16,38ceace9-39ec-4933-bccc-7a54315617cc,d434c15c-027e-4cf1-b07a-4ec66fb3b22d,29981.52,cash_out,reversed,01724314759,,Cash Out at Abdul Cash Point,app,449.72,0.0,Abdul Cash Point
341cdd5a-3618-4a2c-88dc-6bc782a470ff,2026-05-27 16:05:04,393ffc63-6670-4335-8d82-964779fb81f7,d434c15c-027e-4cf1-b07a-4ec66fb3b22d,3850.76,send_money,failed,01314324134,CP-948799,Send Money at Salam Mobile Corner,ivr,57.76,0.0,Salam Mobile Corner
709045d9-d350-43c7-a3b5-3196093d9e2d,2026-05-27 18:00:05,111ab04b-46e1-4e9d-ab1e-ba4b8809ddc7,d434c15c-027e-4cf1-b07a-4ec66fb3b22d,4177.5,bill_payment,completed,01949172995,,Bill Payment at Imran Communication,agent_device,0.0,0.0,Imran Communication
67fadb28-3b35-4a46-945c-09fa2d30d951,2026-05-27 18:32:32,30eabafb-49c6-440a-abca-1d2caeec244b,d434c15c-027e-4cf1-b07a-4ec66fb3b22d,5053.92,payment,completed,01536802975,CP-940181,Payment at Habib Telecom,app,0.0,0.0,Habib Telecom
4eb9dfab-eae1-4a34-85b8-3203f7918d77,2026-05-28 02:15:03,6d8f14b3-2aec-4984-a033-f4d0677daa23,d434c15c-027e-4cf1-b07a-4ec66fb3b22d,1147.14,bill_payment,completed,01932775593,,Bill Payment at Karim Telecom,ussd,0.0,0.0,Karim Telecom
e8d92998-ad8f-4286-b964-b5e2cfbc32fd,2026-05-28 10:02:28,de7f638c-b11c-4e3e-8c46-3bff17bdd4bd,d434c15c-027e-4cf1-b07a-4ec66fb3b22d,22747.47,cash_out,completed,01963339667,,Cash Out at Tasnim Cyber Cafe,agent_device,341.21,0.0,Tasnim Cyber Cafe
55a7c381-b124-4eb4-b73b-db70dacebe2f,2026-05-29 10:51:31,fc174035-b2f6-478b-aad1-55fb777b1e4b,adc9bbd6-1cb3-4ff8-b396-cc6b132740b9,6876.67,payment,completed,01969533928,CP-177060,Payment at Abdul Cash Point,ussd,0.0,0.0,Abdul Cash Point
c1e3ccec-9a87-4890-ba9e-68c1b1a5ebb1,2026-05-29 10:55:24,e0e3aa2d-7d23-46ee-b8f7-c1745733a24b,adc9bbd6-1cb3-4ff8-b396-cc6b132740b9,9688.82,payment,completed,01994946730,CP-614858,Payment at Shahin Mobile Shop,app,0.0,0.0,Shahin Mobile Shop
007e36ca-cb7d-44a2-be6d-f8ff61c0148d,2026-05-30 02:25:25,dce51b58-06e8-4672-8949-371ce0c5337c,6cbd13a6-e3ea-40d9-8fb5-374ec9d72325,2768.01,payment,reversed,01825276327,CP-461939,Payment at Habib Telecom,ivr,0.0,0.0,Habib Telecom
0c3ccbcf-6ea4-4f2a-80e4-f08f6a940285,2026-05-30 08:24:25,2064cee1-2e64-4e75-8297-caf2267534fb,adc9bbd6-1cb3-4ff8-b396-cc6b132740b9,4882.14,payment,completed,01699774697,CP-812131,Payment at Imran Communication,ivr,0.0,0.0,Imran Communication
6b124320-b6cd-4e65-8a99-1687f318cf4a,2026-05-31 00:55:19,da80f36a-d9a2-48de-a59c-8b46283b2973,6cbd13a6-e3ea-40d9-8fb5-374ec9d72325,10000.0,cash_in,completed,01877052833,,Repeated 10000 BDT at Alamgir Cash Center,agent_device,0.0,50.0,Alamgir Cash Center
16681673-cd0d-40fe-97b7-574fa9a48c10,2026-05-31 02:55:19,da80f36a-d9a2-48de-a59c-8b46283b2973,6cbd13a6-e3ea-40d9-8fb5-374ec9d72325,10000.0,cash_in,completed,01851594998,,Repeated 10000 BDT at Alamgir Cash Center,agent_device,0.0,50.0,Alamgir Cash Center
ca64e7ce-b3c5-4910-8343-4bcf38ab5fd0,2026-05-31 02:55:19,da80f36a-d9a2-48de-a59c-8b46283b2973,6cbd13a6-e3ea-40d9-8fb5-374ec9d72325,10000.0,cash_in,completed,01873218512,,Repeated 10000 BDT at Alamgir Cash Center,agent_device,0.0,50.0,Alamgir Cash Center
2cacf293-5f6c-4faa-80f3-0f6ba27ca545,2026-05-31 03:55:19,da80f36a-d9a2-48de-a59c-8b46283b2973,6cbd13a6-e3ea-40d9-8fb5-374ec9d72325,10000.0,cash_out,completed,01894365330,,Repeated 10000 BDT at Alamgir Cash Center,agent_device,150.0,0.0,Alamgir Cash Center
be682c72-ac31-409e-8038-4ec100856e1e,2026-05-31 05:55:19,da80f36a-d9a2-48de-a59c-8b46283b2973,6cbd13a6-e3ea-40d9-8fb5-374ec9d72325,10000.0,cash_in,completed,01851630244,,Repeated 10000 BDT at Alamgir Cash Center,agent_device,150.0,50.0,Alamgir Cash Center
2bac9dbd-c7ef-4575-9e34-a966dc27b276,2026-05-31 11:30:16,dce51b58-06e8-4672-8949-371ce0c5337c,6cbd13a6-e3ea-40d9-8fb5-374ec9d72325,3943.44,bill_payment,pending,01380888325,,Bill Payment at Habib Telecom,ussd,0.0,0.0,Habib Telecom
4cf4955e-54ba-449d-a6b6-9ff13e08e076,2026-06-01 07:36:50,6c48bc88-c7ca-4d0e-91ef-de13d8885718,6cbd13a6-e3ea-40d9-8fb5-374ec9d72325,6246.43,send_money,completed,01675266178,CP-301332,Send Money at Nusrat Digital Center,app,93.7,0.0,Nusrat Digital Center
42cad004-dbc2-47e9-b9a7-f5c62017b3cc,2026-06-01 08:14:12,1f594dcf-8346-4120-9003-435898ea0df0,d434c15c-027e-4cf1-b07a-4ec66fb3b22d,23865.94,cash_out,completed,01713527782,,Cash Out at Rahim Store,agent_device,357.99,0.0,Rahim Store
3aa9f056-b142-4021-a5b0-febc493e511d,2026-06-02 00:15:59,00b2564e-af0f-449f-a4e8-2937c331d9fc,d434c15c-027e-4cf1-b07a-4ec66fb3b22d,11545.88,cash_out,completed,01743606680,,Cash out at Anwar Digital Point (anomalous cluster),agent_device,173.19,0.0,Anwar Digital Point
642b7477-a09d-4c92-b44a-b05dd1e008bf,2026-06-02 00:26:59,00b2564e-af0f-449f-a4e8-2937c331d9fc,d434c15c-027e-4cf1-b07a-4ec66fb3b22d,11554.85,cash_out,completed,01722775337,,Cash out at Anwar Digital Point (anomalous cluster),agent_device,173.32,0.0,Anwar Digital Point
58ea65e2-6ab0-49fc-ac41-88b812d64a93,2026-06-02 00:27:59,00b2564e-af0f-449f-a4e8-2937c331d9fc,d434c15c-027e-4cf1-b07a-4ec66fb3b22d,9565.18,cash_out,completed,01767418250,,Cash out at Anwar Digital Point (anomalous cluster),agent_device,143.48,0.0,Anwar Digital Point
eb3c9ff8-da4b-45be-bce1-e4b4c0ee6dc0,2026-06-02 00:35:59,00b2564e-af0f-449f-a4e8-2937c331d9fc,d434c15c-027e-4cf1-b07a-4ec66fb3b22d,14363.36,cash_out,completed,01759535894,,Cash out at Anwar Digital Point (anomalous cluster),agent_device,215.45,0.0,Anwar Digital Point
8c1788a1-2a26-4ae0-b4f3-f2ce8d38dffb,2026-06-02 00:36:59,00b2564e-af0f-449f-a4e8-2937c331d9fc,d434c15c-027e-4cf1-b07a-4ec66fb3b22d,14721.5,cash_out,completed,01795206855,,Cash out at Anwar Digital Point (anomalous cluster),agent_device,220.82,0.0,Anwar Digital Point
d4a6cb4c-95fd-45b0-b280-a7d7668bfda2,2026-06-02 00:38:59,00b2564e-af0f-449f-a4e8-2937c331d9fc,d434c15c-027e-4cf1-b07a-4ec66fb3b22d,8437.4,cash_out,completed,01716497381,,Cash out at Anwar Digital Point (anomalous cluster),agent_device,126.56,0.0,Anwar Digital Point
67ecf5de-ec30-4fe1-9bb1-0b7b177ac149,2026-06-02 00:39:59,00b2564e-af0f-449f-a4e8-2937c331d9fc,d434c15c-027e-4cf1-b07a-4ec66fb3b22d,7118.51,cash_out,completed,01746042404,,Cash out at Anwar Digital Point (anomalous cluster),agent_device,106.78,0.0,Anwar Digital Point
135f3e82-855f-4d1a-84c2-b5cc8afeb131,2026-06-02 13:02:08,2064cee1-2e64-4e75-8297-caf2267534fb,adc9bbd6-1cb3-4ff8-b396-cc6b132740b9,1021.35,payment,failed,01970726434,CP-434400,Payment at Imran Communication,ussd,0.0,0.0,Imran Communication
a2c54efd-8c6e-470b-b536-4dd22259dc29,2026-06-03 00:33:26,00b2564e-af0f-449f-a4e8-2937c331d9fc,d434c15c-027e-4cf1-b07a-4ec66fb3b22d,2815.34,top_up,completed,01715843091,,Top Up at Anwar Digital Point,ivr,0.0,0.0,Anwar Digital Point
21f25d3c-3159-4f91-b13a-61d1222134d3,2026-06-03 16:08:11,7a2150ad-e77b-4fb1-a023-d2aedf44e5d3,6cbd13a6-e3ea-40d9-8fb5-374ec9d72325,1472.24,send_money,failed,01611698142,CP-990844,Send Money at Shahin Mobile Shop,ivr,22.08,0.0,Shahin Mobile Shop
a7b6e75b-9d30-40d1-a85a-babc46cf356f,2026-06-03 22:52:16,093c9163-cf98-4187-b3f9-a6575c06a885,adc9bbd6-1cb3-4ff8-b396-cc6b132740b9,2020.33,cash_out,completed,01991197624,,Cash Out at Lipi Telecom,ussd,30.3,0.0,Lipi Telecom
a02b3126-b43c-4ff0-bc03-ebfb84830307,2026-06-03 23:06:36,dce51b58-06e8-4672-8949-371ce0c5337c,6cbd13a6-e3ea-40d9-8fb5-374ec9d72325,25359.69,cash_in,failed,01967790557,,Cash In at Habib Telecom,app,0.0,126.8,Habib Telecom
1a91345b-bd43-4144-be98-b0320553cbc6,2026-06-04 19:26:50,6c48bc88-c7ca-4d0e-91ef-de13d8885718,6cbd13a6-e3ea-40d9-8fb5-374ec9d72325,1857.5,bill_payment,completed,01635475673,,Bill Payment at Nusrat Digital Center,ussd,0.0,0.0,Nusrat Digital Center
df9a49ec-9041-4995-864b-0058f5990728,2026-06-05 12:47:39,544165d5-3099-4aad-a789-de405e2a67c0,6cbd13a6-e3ea-40d9-8fb5-374ec9d72325,2189.21,top_up,completed,01564364546,,Top Up at Parveen General Store,app,0.0,0.0,Parveen General Store
e5207033-a601-4acb-bd65-5c130e934468,2026-06-05 13:11:16,47bdfc8e-e194-481b-b71f-2bc6a11b91df,6cbd13a6-e3ea-40d9-8fb5-374ec9d72325,7675.17,send_money,pending,01958219001,CP-423404,Send Money at Kamrul General Store,agent_device,115.13,0.0,Kamrul General Store
e11f3c80-a6ab-46af-bc68-75df9582c980,2026-06-05 15:25:16,093c9163-cf98-4187-b3f9-a6575c06a885,adc9bbd6-1cb3-4ff8-b396-cc6b132740b9,1898.09,payment,pending,01961012496,CP-189856,Payment at Lipi Telecom,agent_device,0.0,0.0,Lipi Telecom
1648ebd3-7cfa-4eea-88a0-1750cccd215b,2026-06-05 16:03:33,8b085a44-5f70-49cc-90d0-a11b4b1e674c,d434c15c-027e-4cf1-b07a-4ec66fb3b22d,3628.06,top_up,completed,01536332415,,Top Up at Khaleda General Store,agent_device,0.0,0.0,Khaleda General Store
27bc6f3c-c45e-4ab8-83ac-18325ef83dfc,2026-06-05 16:10:11,b95b3e55-45c1-4dcb-90b8-cdf1325fd1e4,d434c15c-027e-4cf1-b07a-4ec66fb3b22d,19317.15,cash_out,reversed,01723769080,,Cash Out at Bashir Telecom,ussd,289.76,0.0,Bashir Telecom
02f82bc8-f661-41a9-abc2-7d0a6aa1e668,2026-06-05 17:42:48,f67fbe40-68a7-4df1-979d-9d6fb04dab30,d434c15c-027e-4cf1-b07a-4ec66fb3b22d,8046.43,payment,pending,01592134318,CP-190403,Payment at Parveen General Store,ussd,0.0,0.0,Parveen General Store
6e709443-ebe7-416d-83bb-d008f2809011,2026-06-05 23:59:50,da80f36a-d9a2-48de-a59c-8b46283b2973,6cbd13a6-e3ea-40d9-8fb5-374ec9d72325,4566.73,bill_payment,failed,01967337891,,Bill Payment at Alamgir Cash Center,ivr,0.0,0.0,Alamgir Cash Center
9870c773-ba1b-4e90-abe0-d09d48055b58,2026-06-06 15:08:54,8b085a44-5f70-49cc-90d0-a11b4b1e674c,d434c15c-027e-4cf1-b07a-4ec66fb3b22d,3269.04,bill_payment,reversed,01667774765,,Bill Payment at Khaleda General Store,ussd,0.0,0.0,Khaleda General Store
06cd664f-9e1d-45fe-a6d9-56d4abe7c70d,2026-06-06 16:53:39,804cbfd4-abdb-4dfa-bf0c-d3fe2ca63004,adc9bbd6-1cb3-4ff8-b396-cc6b132740b9,7009.68,payment,reversed,01632520277,CP-735324,Payment at Karim Telecom,ussd,0.0,0.0,Karim Telecom
9d53ced1-faaf-47a0-bd78-da28ac76d046,2026-06-06 23:14:49,cbc3854f-22d6-4ac7-8db1-e1cdc23ce653,6cbd13a6-e3ea-40d9-8fb5-374ec9d72325,6786.5,payment,pending,01661518966,CP-892313,Payment at Sultana Mobile Corner,app,0.0,0.0,Sultana Mobile Corner
34ae1359-f80f-49c4-bce3-0a9a4496e1b8,2026-06-07 14:52:05,f8c80d07-4b43-4d21-a9d5-dbe89b0b0d38,adc9bbd6-1cb3-4ff8-b396-cc6b132740b9,2146.7,bill_payment,completed,01712799319,,Bill Payment at Rafiq Cash & Carry,agent_device,0.0,0.0,Rafiq Cash & Carry
c121e6b4-4c54-4f8d-9c5c-c05d0da51064,2026-06-07 16:24:59,dce51b58-06e8-4672-8949-371ce0c5337c,6cbd13a6-e3ea-40d9-8fb5-374ec9d72325,4432.66,payment,completed,01343887075,CP-600935,Payment at Habib Telecom,ussd,0.0,0.0,Habib Telecom
d95c1e8e-563c-491c-b298-8691f12d90c0,2026-06-08 12:37:53,37533a39-8179-4633-a229-e4cf4d5d6536,d434c15c-027e-4cf1-b07a-4ec66fb3b22d,6273.61,send_money,failed,01998870276,CP-510997,Send Money at Kamrul General Store,app,94.1,0.0,Kamrul General Store
3310911b-0b22-4b67-8029-88dad3010174,2026-06-08 16:52:25,d2e59588-114f-4a71-be6a-e0c1365ccabc,adc9bbd6-1cb3-4ff8-b396-cc6b132740b9,4707.43,bill_payment,completed,01941383044,,Bill Payment at Momena Bazar,ivr,0.0,0.0,Momena Bazar
f88f41f8-f5a6-4c83-8d9a-d8263bc5e95e,2026-06-09 02:52:36,dce51b58-06e8-4672-8949-371ce0c5337c,6cbd13a6-e3ea-40d9-8fb5-374ec9d72325,8328.34,cash_out,completed,01966500369,,Cash Out at Habib Telecom,ussd,124.93,0.0,Habib Telecom
d51c0e36-7ead-4754-9dde-07a4b362612b,2026-06-09 09:45:49,442d576a-cdd0-420a-bbcf-436821730125,d434c15c-027e-4cf1-b07a-4ec66fb3b22d,5550.42,cash_out,pending,01991220369,,Cash Out at Hasan Mobile Recharge,agent_device,83.26,0.0,Hasan Mobile Recharge
019fc9db-2360-4c20-a739-e24ec595395a,2026-06-09 17:17:47,47bdfc8e-e194-481b-b71f-2bc6a11b91df,6cbd13a6-e3ea-40d9-8fb5-374ec9d72325,15824.3,cash_in,completed,01954087376,,Cash In at Kamrul General Store,app,0.0,79.12,Kamrul General Store
bad5185d-bc58-4d77-98bd-1cdf2cad0173,2026-06-09 21:47:34,836f81df-f2fb-4d4b-ad1e-a32d86e817ed,6cbd13a6-e3ea-40d9-8fb5-374ec9d72325,5890.7,payment,completed,01671453007,CP-747351,Payment at Abdul Cash Point,app,0.0,0.0,Abdul Cash Point
95d6c010-07c2-4d55-8fbf-23882b78e32b,2026-06-10 00:02:12,111ab04b-46e1-4e9d-ab1e-ba4b8809ddc7,d434c15c-027e-4cf1-b07a-4ec66fb3b22d,5366.96,payment,reversed,01966143368,CP-670053,Payment at Imran Communication,ussd,0.0,0.0,Imran Communication
8b230832-11f0-4fea-953d-7e9b94844bd5,2026-06-11 01:48:39,e0e3aa2d-7d23-46ee-b8f7-c1745733a24b,adc9bbd6-1cb3-4ff8-b396-cc6b132740b9,1410.49,bill_payment,completed,01651471222,,Bill Payment at Shahin Mobile Shop,agent_device,0.0,0.0,Shahin Mobile Shop
a6587a9e-8bed-44ec-975a-03f632b92776,2026-06-11 03:17:34,03e47a62-2b2e-4893-9842-b902b5709eeb,6cbd13a6-e3ea-40d9-8fb5-374ec9d72325,47405.71,cash_in,completed,01938323322,,Cash In at Hasan Mobile Recharge,agent_device,0.0,237.03,Hasan Mobile Recharge
d0fc9234-3b9b-4035-bfb0-c6ee8db2f1b7,2026-06-11 04:19:53,da80f36a-d9a2-48de-a59c-8b46283b2973,6cbd13a6-e3ea-40d9-8fb5-374ec9d72325,8730.69,cash_out,completed,01549945150,,Cash Out at Alamgir Cash Center,agent_device,130.96,0.0,Alamgir Cash Center
a2189474-9042-42e8-8910-300378bfdb29,2026-06-11 06:22:37,ea1d2bf3-fa81-4ed5-8346-3ccf354bed74,adc9bbd6-1cb3-4ff8-b396-cc6b132740b9,8278.55,payment,pending,01621641746,CP-520304,Payment at Parveen General Store,ussd,0.0,0.0,Parveen General Store
77f202ff-1269-4682-806b-ca0f3a1d7db4,2026-06-11 15:37:29,093c9163-cf98-4187-b3f9-a6575c06a885,adc9bbd6-1cb3-4ff8-b396-cc6b132740b9,12412.98,cash_in,completed,01389717834,,Cash In at Lipi Telecom,ussd,0.0,62.06,Lipi Telecom
1c80079b-b79c-4e3d-ac87-c651f19298de,2026-06-12 19:10:46,fa40c4ce-7441-4e06-8a38-cd7d70f25c95,adc9bbd6-1cb3-4ff8-b396-cc6b132740b9,820.96,payment,completed,01546468984,CP-452161,Payment at Nusrat Digital Center,agent_device,0.0,0.0,Nusrat Digital Center
be7cd538-9f46-47b2-b3c4-a5cbe9e3a0ee,2026-06-12 19:17:52,5db03e56-d711-477b-987a-1e27d2667ae3,adc9bbd6-1cb3-4ff8-b396-cc6b132740b9,8730.21,payment,completed,01819183277,CP-346174,Payment at Rina Gift House,agent_device,0.0,0.0,Rina Gift House
c5da65c1-54cd-4ef8-90a3-ea78ec088f11,2026-06-13 10:31:47,44c4f793-d676-4d33-bcde-2681a1b4f7ee,adc9bbd6-1cb3-4ff8-b396-cc6b132740b9,13207.39,send_money,failed,01760598851,CP-177558,Send Money at Rahim Store,ivr,198.11,0.0,Rahim Store
c8b51434-38c3-4619-a239-7049e2418b65,2026-06-13 15:20:54,1c6742d5-0556-4b41-9287-ff8d346d9a35,d434c15c-027e-4cf1-b07a-4ec66fb3b22d,1580.73,bill_payment,completed,01328760553,,Bill Payment at Rina Gift House,ussd,0.0,0.0,Rina Gift House
8f0689cb-4d08-45eb-9a91-72b9a44f93ec,2026-06-13 21:10:31,50310462-d85f-4c8d-804b-9cef90968906,6cbd13a6-e3ea-40d9-8fb5-374ec9d72325,13370.13,send_money,reversed,01748605268,CP-810526,Send Money at Imran Communication,app,200.55,0.0,Imran Communication
f4995594-bec4-4a9f-9056-9cc8980c8a70,2026-06-14 06:30:08,b19d437d-03c6-40d2-a70a-039a8f9f6e68,6cbd13a6-e3ea-40d9-8fb5-374ec9d72325,2486.54,payment,reversed,01964504816,CP-411882,Payment at Rina Gift House,ivr,0.0,0.0,Rina Gift House
7c21eb23-a090-419d-b25b-a0e213d0cec0,2026-06-15 03:59:34,393ffc63-6670-4335-8d82-964779fb81f7,d434c15c-027e-4cf1-b07a-4ec66fb3b22d,2141.28,top_up,failed,01376845536,,Top Up at Salam Mobile Corner,agent_device,0.0,0.0,Salam Mobile Corner
2d192a4b-07cd-4691-a2ca-1a1bbb681d45,2026-06-15 22:59:37,510059ad-2c3d-4ae3-97d6-0568f2ec8f16,adc9bbd6-1cb3-4ff8-b396-cc6b132740b9,26844.52,cash_in,completed,01312244945,,Cash In at Hasan Mobile Recharge,agent_device,0.0,134.22,Hasan Mobile Recharge
af0ff383-c88d-4718-b0f5-6f16b2febde7,2026-06-16 02:48:12,4fcd236b-bfa1-46c6-bf6d-d13dc36a1a80,d434c15c-027e-4cf1-b07a-4ec66fb3b22d,6046.09,payment,completed,01569580374,CP-468623,Payment at Alamgir Cash Center,ivr,0.0,0.0,Alamgir Cash Center
b7ecb5a6-84ab-4502-86fc-e25aec3e4953,2026-06-16 05:09:24,6c48bc88-c7ca-4d0e-91ef-de13d8885718,6cbd13a6-e3ea-40d9-8fb5-374ec9d72325,742.14,top_up,completed,01531776452,,Top Up at Nusrat Digital Center,app,0.0,0.0,Nusrat Digital Center
4da55655-ff69-4379-a31d-05b2e99abe8f,2026-06-16 09:53:20,544165d5-3099-4aad-a789-de405e2a67c0,6cbd13a6-e3ea-40d9-8fb5-374ec9d72325,5557.06,payment,completed,01783871890,CP-446859,Payment at Parveen General Store,agent_device,0.0,0.0,Parveen General Store
c4c52119-bdcf-4dab-b90a-abc1b3f2c6ed,2026-06-17 00:14:03,cc96d895-bc84-48f7-9a25-f2151f9ddcd5,adc9bbd6-1cb3-4ff8-b396-cc6b132740b9,4986.1,bill_payment,pending,01396707983,,Bill Payment at Bashir Telecom,ivr,0.0,0.0,Bashir Telecom
6ad4d52d-d7a7-49e7-b91a-1afecfca894d,2026-06-18 03:15:20,a0c1e6e3-7a34-49f3-a926-acacd26d1f2e,adc9bbd6-1cb3-4ff8-b396-cc6b132740b9,47673.73,cash_in,completed,01938138531,,Cash In at Khaleda General Store,ivr,0.0,238.37,Khaleda General Store
dd5fb0e1-58af-478e-a90d-4d886280eec3,2026-06-18 09:35:04,cd323877-8256-4ce9-9437-21732213dad3,adc9bbd6-1cb3-4ff8-b396-cc6b132740b9,2861.2,top_up,completed,01552209421,,Top Up at Fatema Electronics,ussd,0.0,0.0,Fatema Electronics
41669eaf-3f12-46ac-8f7c-22812f96270d,2026-06-18 11:39:07,836b7810-7f10-4d11-aa2b-429d0b40d3b4,6cbd13a6-e3ea-40d9-8fb5-374ec9d72325,8433.11,cash_out,completed,01729587040,,Cash Out at Shireen Mobile Shop,ussd,126.5,0.0,Shireen Mobile Shop
ab8bad1c-ec55-4926-9915-d8ecfa0951ac,2026-06-18 23:13:13,e1295378-a73a-450b-95e1-7b2ebd6ad5ed,adc9bbd6-1cb3-4ff8-b396-cc6b132740b9,4474.72,payment,completed,01623335151,CP-818987,Payment at Sultana Mobile Corner,agent_device,0.0,0.0,Sultana Mobile Corner
17783320-e33e-4f30-9467-3cbbc3596af2,2026-06-19 03:23:11,442d576a-cdd0-420a-bbcf-436821730125,d434c15c-027e-4cf1-b07a-4ec66fb3b22d,1406.93,top_up,completed,01966975380,,Top Up at Hasan Mobile Recharge,ussd,0.0,0.0,Hasan Mobile Recharge
d094f79f-9af3-4320-bed4-479639eeff92,2026-06-19 05:01:04,8a002489-9940-4b95-89d9-991af2f6de6f,d434c15c-027e-4cf1-b07a-4ec66fb3b22d,679.3,bill_payment,completed,01564414096,,Bill Payment at Shahin Mobile Shop,agent_device,0.0,0.0,Shahin Mobile Shop
7afda2f3-ec69-4175-8061-2f4fbd3764e8,2026-06-19 07:53:23,dce51b58-06e8-4672-8949-371ce0c5337c,6cbd13a6-e3ea-40d9-8fb5-374ec9d72325,2776.55,cash_in,reversed,01349375156,,Cash In at Habib Telecom,agent_device,0.0,13.88,Habib Telecom
696470f9-7d1d-4801-94df-22eac25e6d20,2026-06-19 15:19:38,bf7c9de4-b6c1-49c7-b28e-78e6cbeb5b27,d434c15c-027e-4cf1-b07a-4ec66fb3b22d,3042.02,bill_payment,completed,01815512205,,Bill Payment at Nusrat Digital Center,agent_device,0.0,0.0,Nusrat Digital Center
ee98fa78-1e86-4da0-8efd-19e35f3567f1,2026-06-19 16:02:20,2a346c70-5f5a-4099-b083-8d785f8df72a,d434c15c-027e-4cf1-b07a-4ec66fb3b22d,2373.95,payment,reversed,01715858241,CP-433632,Payment at Shireen Mobile Shop,ivr,0.0,0.0,Shireen Mobile Shop
511487f8-c628-4cfe-98ee-c4cac2a5a182,2026-06-20 04:31:14,2064cee1-2e64-4e75-8297-caf2267534fb,adc9bbd6-1cb3-4ff8-b396-cc6b132740b9,5102.93,send_money,completed,01935848226,CP-430876,Send Money at Imran Communication,ussd,76.54,0.0,Imran Communication
949d8e3e-e529-4c66-89e3-795739a4c3d5,2026-06-20 09:17:17,cb2bff05-baa3-4513-8991-91b5f37d6f92,6cbd13a6-e3ea-40d9-8fb5-374ec9d72325,2496.12,bill_payment,completed,01685227370,,Bill Payment at Karim Telecom,agent_device,0.0,0.0,Karim Telecom
52cea2fa-5555-4fc9-8d76-092d0d0d90ed,2026-06-20 10:03:00,b19d437d-03c6-40d2-a70a-039a8f9f6e68,6cbd13a6-e3ea-40d9-8fb5-374ec9d72325,3891.48,payment,failed,01930415230,CP-619389,Payment at Rina Gift House,ussd,0.0,0.0,Rina Gift House
cccdb275-9222-46c0-bd50-3aa1306e19de,2026-06-20 14:34:28,de7f638c-b11c-4e3e-8c46-3bff17bdd4bd,d434c15c-027e-4cf1-b07a-4ec66fb3b22d,15419.12,cash_out,completed,01392924441,,Cash Out at Tasnim Cyber Cafe,ivr,231.29,0.0,Tasnim Cyber Cafe
cbd51f50-750a-47ad-899e-5677b25e01f8,2026-06-20 18:14:00,7a2150ad-e77b-4fb1-a023-d2aedf44e5d3,6cbd13a6-e3ea-40d9-8fb5-374ec9d72325,8166.7,payment,completed,01624710878,CP-536774,Payment at Shahin Mobile Shop,agent_device,0.0,0.0,Shahin Mobile Shop
437725eb-f332-4bdd-8a79-c6638d3b5509,2026-06-20 20:39:49,70d02322-9e19-4771-8852-821f14f61a21,adc9bbd6-1cb3-4ff8-b396-cc6b132740b9,167.0,top_up,completed,01340158811,,Top Up at Tasnim Cyber Cafe,ussd,0.0,0.0,Tasnim Cyber Cafe
32d85437-c975-4be2-b22f-b8b1e09a9d0b,2026-06-21 17:12:18,47bdfc8e-e194-481b-b71f-2bc6a11b91df,6cbd13a6-e3ea-40d9-8fb5-374ec9d72325,1751.85,bill_payment,completed,01835925669,,Bill Payment at Kamrul General Store,app,0.0,0.0,Kamrul General Store
b69a34a7-6ad2-4ecf-8f84-514c83130f0d,2026-06-21 22:34:02,cbc3854f-22d6-4ac7-8db1-e1cdc23ce653,6cbd13a6-e3ea-40d9-8fb5-374ec9d72325,3121.68,top_up,completed,01328185096,,Top Up at Sultana Mobile Corner,agent_device,0.0,0.0,Sultana Mobile Corner
6b756742-1c11-43d4-a60c-57c9e2dbe8c8,2026-06-22 06:12:53,55bd9851-d6e2-407d-9a38-6d663889a2d3,adc9bbd6-1cb3-4ff8-b396-cc6b132740b9,9199.44,payment,pending,01813619375,CP-513160,Payment at Habib Telecom,ussd,0.0,0.0,Habib Telecom
2e374cc4-4dd9-47da-ac8e-34633345172a,2026-06-22 07:09:19,d2e59588-114f-4a71-be6a-e0c1365ccabc,adc9bbd6-1cb3-4ff8-b396-cc6b132740b9,3024.27,top_up,completed,01549761527,,Top Up at Momena Bazar,app,0.0,0.0,Momena Bazar
6ba2695b-7b07-4d41-9a06-bad94bc485e6,2026-06-22 13:20:56,ece67e51-f14f-4c28-99b8-dad30b2842fa,d434c15c-027e-4cf1-b07a-4ec66fb3b22d,2655.11,bill_payment,completed,01914180968,,Bill Payment at Sultana Mobile Corner,ussd,0.0,0.0,Sultana Mobile Corner
358a468c-2d9e-4ee5-b6d4-72a503e43bed,2026-06-23 04:37:01,42297c6c-3b85-48b4-b79c-56485019817a,d434c15c-027e-4cf1-b07a-4ec66fb3b22d,1423.4,bill_payment,reversed,01874893936,,Bill Payment at Fatema Electronics,ivr,0.0,0.0,Fatema Electronics
12fe0a71-04d5-4bfb-aa61-9b7f37164ffa,2026-06-23 09:36:00,393ffc63-6670-4335-8d82-964779fb81f7,d434c15c-027e-4cf1-b07a-4ec66fb3b22d,3463.61,bill_payment,completed,01585543051,,Bill Payment at Salam Mobile Corner,agent_device,0.0,0.0,Salam Mobile Corner
7024e7fd-2f73-4ebf-a4a8-680e92f8ee12,2026-06-23 09:41:00,e195a484-4080-4865-b546-5691466ac7f4,adc9bbd6-1cb3-4ff8-b396-cc6b132740b9,30942.92,cash_in,pending,01772104107,,Cash In at Salam Mobile Corner,ussd,0.0,154.71,Salam Mobile Corner
a6c61304-8097-458f-956a-7351cff1f044,2026-06-23 10:07:00,b95b3e55-45c1-4dcb-90b8-cdf1325fd1e4,d434c15c-027e-4cf1-b07a-4ec66fb3b22d,794.21,bill_payment,completed,01671113711,,Bill Payment at Bashir Telecom,app,0.0,0.0,Bashir Telecom
3dcd0d90-027a-43d5-a333-640d1567c0e1,2026-06-23 18:04:00,ece67e51-f14f-4c28-99b8-dad30b2842fa,d434c15c-027e-4cf1-b07a-4ec66fb3b22d,8713.18,cash_in,completed,01886397676,,Cash In at Sultana Mobile Corner,agent_device,0.0,43.57,Sultana Mobile Corner
4a6d4b3f-a46b-445d-b526-a318d7ef636d,2026-06-23 18:16:18,c443f398-e870-46d3-9d3f-c4986fe34400,6cbd13a6-e3ea-40d9-8fb5-374ec9d72325,2220.36,send_money,completed,01669691437,CP-477400,Send Money at Salam Mobile Corner,agent_device,33.31,0.0,Salam Mobile Corner
42614c08-40ee-4c3c-9035-d5061cb562ca,2026-06-23 21:33:00,dce51b58-06e8-4672-8949-371ce0c5337c,6cbd13a6-e3ea-40d9-8fb5-374ec9d72325,3633.8,bill_payment,reversed,01729834119,,Bill Payment at Habib Telecom,app,0.0,0.0,Habib Telecom
5848a3b7-9b2b-44fc-8897-cf281434392e,2026-06-23 23:48:00,804cbfd4-abdb-4dfa-bf0c-d3fe2ca63004,adc9bbd6-1cb3-4ff8-b396-cc6b132740b9,2420.24,top_up,reversed,01550364158,,Top Up at Karim Telecom,app,0.0,0.0,Karim Telecom
4159666a-f98f-4778-90e6-ea1b2d018fc5,2026-06-23 23:58:00,d85821c7-e5e1-4d6f-999f-e0bf00be99e7,6cbd13a6-e3ea-40d9-8fb5-374ec9d72325,4952.59,top_up,completed,01814539747,,Top Up at Lipi Telecom,ussd,0.0,0.0,Lipi Telecom
4576a2e6-ab6a-4421-95b0-216659292f64,2026-06-24 01:47:18,544165d5-3099-4aad-a789-de405e2a67c0,6cbd13a6-e3ea-40d9-8fb5-374ec9d72325,1007.23,bill_payment,completed,01974988034,,Bill Payment at Parveen General Store,agent_device,0.0,0.0,Parveen General Store
3afc7a74-0c2e-4e62-852b-2ce85f5e7a1c,2026-06-24 03:53:00,e7888f4e-b1de-4edf-92b4-082d19edf354,6cbd13a6-e3ea-40d9-8fb5-374ec9d72325,16689.73,cash_out,failed,01880836292,,Cash Out at Tasnim Cyber Cafe,ivr,250.35,0.0,Tasnim Cyber Cafe
182a76e3-d843-4472-89c1-33632544668d,2026-06-24 06:36:00,544165d5-3099-4aad-a789-de405e2a67c0,6cbd13a6-e3ea-40d9-8fb5-374ec9d72325,1913.77,payment,failed,01380260907,CP-478120,Payment at Parveen General Store,ussd,0.0,0.0,Parveen General Store
05043f59-b64f-4bda-8738-37a815c485b3,2026-06-24 11:06:17,2064cee1-2e64-4e75-8297-caf2267534fb,adc9bbd6-1cb3-4ff8-b396-cc6b132740b9,9148.69,payment,failed,01837449289,CP-515898,Payment at Imran Communication,app,0.0,0.0,Imran Communication
1e321ad9-c53a-4736-931c-66c2dd86828e,2026-06-24 12:16:00,e7888f4e-b1de-4edf-92b4-082d19edf354,6cbd13a6-e3ea-40d9-8fb5-374ec9d72325,4272.67,bill_payment,pending,01554743095,,Bill Payment at Tasnim Cyber Cafe,ussd,0.0,0.0,Tasnim Cyber Cafe
e3d3d28f-b806-41db-a351-2fcaa84bd619,2026-06-24 13:05:54,fa40c4ce-7441-4e06-8a38-cd7d70f25c95,adc9bbd6-1cb3-4ff8-b396-cc6b132740b9,8375.33,send_money,pending,01782144402,CP-940952,Send Money at Nusrat Digital Center,app,125.63,0.0,Nusrat Digital Center
d03fc263-72cc-423e-bafc-1edfa9465ca3,2026-06-24 14:54:00,a0c1e6e3-7a34-49f3-a926-acacd26d1f2e,adc9bbd6-1cb3-4ff8-b396-cc6b132740b9,21498.37,cash_out,failed,01933366099,,Cash Out at Khaleda General Store,agent_device,322.48,0.0,Khaleda General Store
7a95e7fe-631e-4d66-95e5-3888b84fa7ed,2026-06-24 16:03:14,37533a39-8179-4633-a229-e4cf4d5d6536,d434c15c-027e-4cf1-b07a-4ec66fb3b22d,17547.19,send_money,completed,01686230551,CP-732063,Send Money at Kamrul General Store,ussd,263.21,0.0,Kamrul General Store
fa3735f2-a62d-4ae7-a865-21761bf6c2a7,2026-06-24 19:59:00,55bd9851-d6e2-407d-9a38-6d663889a2d3,adc9bbd6-1cb3-4ff8-b396-cc6b132740b9,1409.15,top_up,completed,01650071487,,Top Up at Habib Telecom,ivr,0.0,0.0,Habib Telecom
fb09643c-b931-4dfd-bfe8-41411415a938,2026-06-24 20:21:00,38ceace9-39ec-4933-bccc-7a54315617cc,d434c15c-027e-4cf1-b07a-4ec66fb3b22d,3838.08,top_up,completed,01753188224,,Top Up at Abdul Cash Point,app,0.0,0.0,Abdul Cash Point
9f8a2879-b653-4df4-8ee2-165b789ddd27,2026-06-24 20:44:00,b95b3e55-45c1-4dcb-90b8-cdf1325fd1e4,d434c15c-027e-4cf1-b07a-4ec66fb3b22d,27287.59,cash_in,completed,01373360324,,Cash In at Bashir Telecom,ussd,0.0,136.44,Bashir Telecom
fba07836-5ebd-4c1f-9ccc-404a06bee8f3,2026-06-24 22:32:00,4fefde83-8218-47c9-9d9e-0f0584755bdb,d434c15c-027e-4cf1-b07a-4ec66fb3b22d,634.36,top_up,pending,01592558242,,Top Up at Rafiq Cash & Carry,ussd,0.0,0.0,Rafiq Cash & Carry
01e97435-8952-43c9-a262-7ed2b11284f3,2026-06-24 23:39:00,a272acb8-78b2-434a-9730-8d83fb7d8845,6cbd13a6-e3ea-40d9-8fb5-374ec9d72325,6964.29,cash_out,completed,01730560218,,Cash Out at Bashir Telecom,ivr,104.46,0.0,Bashir Telecom
fa163698-1b3e-40e0-8649-4e3cd1a76b51,2026-06-25 02:52:00,cbc3854f-22d6-4ac7-8db1-e1cdc23ce653,6cbd13a6-e3ea-40d9-8fb5-374ec9d72325,19096.72,send_money,reversed,01548983895,CP-144109,Send Money at Sultana Mobile Corner,agent_device,286.45,0.0,Sultana Mobile Corner
4bf8442a-dca9-4710-8054-5e6616eb39fd,2026-06-25 06:36:36,6c48bc88-c7ca-4d0e-91ef-de13d8885718,6cbd13a6-e3ea-40d9-8fb5-374ec9d72325,4093.53,top_up,pending,01783534128,,Top Up at Nusrat Digital Center,ivr,0.0,0.0,Nusrat Digital Center
daebcc6a-a35c-4aa4-9ab3-321104a9ba4b,2026-06-25 11:43:00,442d576a-cdd0-420a-bbcf-436821730125,d434c15c-027e-4cf1-b07a-4ec66fb3b22d,2767.78,bill_payment,pending,01740824989,,Bill Payment at Hasan Mobile Recharge,app,0.0,0.0,Hasan Mobile Recharge
d6edba32-2647-473f-9793-c49e49a04fd2,2026-06-25 22:00:41,55bd9851-d6e2-407d-9a38-6d663889a2d3,adc9bbd6-1cb3-4ff8-b396-cc6b132740b9,4378.36,top_up,completed,01869961498,,Top Up at Habib Telecom,agent_device,0.0,0.0,Habib Telecom
75c3a5dd-9791-4f27-b8b2-f1ee87440ef1,2026-06-25 23:44:59,7b67f0dc-7c35-459d-bc5a-999d4ed392be,adc9bbd6-1cb3-4ff8-b396-cc6b132740b9,24313.03,cash_out,reversed,01893446356,,Cash Out at Kamrul General Store,ussd,364.7,0.0,Kamrul General Store
c5e8d6ce-61bd-4542-8863-13c2faca9b51,2026-06-26 01:30:33,50310462-d85f-4c8d-804b-9cef90968906,6cbd13a6-e3ea-40d9-8fb5-374ec9d72325,3244.3,bill_payment,completed,01732579937,,Bill Payment at Imran Communication,agent_device,0.0,0.0,Imran Communication
c81d3ff3-3044-4ad0-b52a-e75fe49e2ab0,2026-06-26 03:22:26,f8c80d07-4b43-4d21-a9d5-dbe89b0b0d38,adc9bbd6-1cb3-4ff8-b396-cc6b132740b9,2487.69,send_money,completed,01967801537,CP-284229,Send Money at Rafiq Cash & Carry,app,37.32,0.0,Rafiq Cash & Carry
8425934b-7a46-480e-ac3a-eb4b9a8dcb8b,2026-06-26 03:25:00,436d7d14-68b4-467d-80d1-d7e3123c3251,6cbd13a6-e3ea-40d9-8fb5-374ec9d72325,485.37,top_up,reversed,01655568701,,Top Up at Rahim Store,app,0.0,0.0,Rahim Store
d1fc488c-4b08-4457-936b-55369d2dc5ea,2026-06-26 04:34:00,65f09dc3-c7de-4c13-a574-918d70ca7081,adc9bbd6-1cb3-4ff8-b396-cc6b132740b9,31781.77,cash_in,pending,01529270557,,Cash In at Rubina Electronics,agent_device,0.0,158.91,Rubina Electronics
36cff180-229c-4142-a50a-6839510a0567,2026-06-26 04:46:15,8400174a-98e9-4d78-8c85-6f98a9561f06,adc9bbd6-1cb3-4ff8-b396-cc6b132740b9,11567.31,send_money,reversed,01573149551,CP-644173,Send Money at Jahangir Electronics,ivr,173.51,0.0,Jahangir Electronics
d1646f39-459d-4c39-86f5-65290dd94e00,2026-06-26 04:56:00,442d576a-cdd0-420a-bbcf-436821730125,d434c15c-027e-4cf1-b07a-4ec66fb3b22d,3395.35,bill_payment,completed,01811097552,,Bill Payment at Hasan Mobile Recharge,ussd,0.0,0.0,Hasan Mobile Recharge
01891cf3-e519-4adb-9132-a5df2dbf0c63,2026-06-26 07:43:00,ea1d2bf3-fa81-4ed5-8346-3ccf354bed74,adc9bbd6-1cb3-4ff8-b396-cc6b132740b9,15181.18,cash_out,pending,01541163805,,Cash Out at Parveen General Store,ivr,227.72,0.0,Parveen General Store
7bc12030-ebc5-4d1d-a246-87442e3220f5,2026-06-26 07:48:00,442d576a-cdd0-420a-bbcf-436821730125,d434c15c-027e-4cf1-b07a-4ec66fb3b22d,6272.82,payment,reversed,01337321124,CP-380028,Payment at Hasan Mobile Recharge,app,0.0,0.0,Hasan Mobile Recharge
85f625a9-61fa-4a59-9527-6c04dc2b43d4,2026-06-26 11:16:00,7b67f0dc-7c35-459d-bc5a-999d4ed392be,adc9bbd6-1cb3-4ff8-b396-cc6b132740b9,2447.49,bill_payment,completed,01846390817,,Bill Payment at Kamrul General Store,agent_device,0.0,0.0,Kamrul General Store
ccd27c6f-c588-4e9b-8fd7-8a6d47f0b19c,2026-06-26 13:07:00,a0c1e6e3-7a34-49f3-a926-acacd26d1f2e,adc9bbd6-1cb3-4ff8-b396-cc6b132740b9,3568.3,payment,failed,01716904975,CP-401601,Payment at Khaleda General Store,agent_device,0.0,0.0,Khaleda General Store
6bc270e5-6ed6-45df-861d-abf02c12b1f7,2026-06-26 14:51:00,dce51b58-06e8-4672-8949-371ce0c5337c,6cbd13a6-e3ea-40d9-8fb5-374ec9d72325,14493.27,send_money,completed,01610404729,CP-882032,Send Money at Habib Telecom,app,217.4,0.0,Habib Telecom
5d9d7662-fd3c-431e-913f-fced3b9098c8,2026-06-26 17:25:00,50310462-d85f-4c8d-804b-9cef90968906,6cbd13a6-e3ea-40d9-8fb5-374ec9d72325,10059.4,send_money,completed,01720796722,CP-727086,Send Money at Imran Communication,ussd,150.89,0.0,Imran Communication
09843245-6a74-4084-88e0-aaeb7e5c18e1,2026-06-26 17:53:00,78c00905-89e3-40b0-96bd-63e41fb5c19a,d434c15c-027e-4cf1-b07a-4ec66fb3b22d,22885.81,cash_out,completed,01792590645,,Cash Out at Jahangir Electronics,ussd,343.29,0.0,Jahangir Electronics
021119b1-6ad2-4206-a1e4-261bd51318c4,2026-06-26 18:18:00,dfca2d15-bd4f-42d6-bbaa-1f9b7be3f64c,6cbd13a6-e3ea-40d9-8fb5-374ec9d72325,4312.07,bill_payment,completed,01941329612,,Bill Payment at Rafiq Cash & Carry,agent_device,0.0,0.0,Rafiq Cash & Carry
9ba0e006-070e-4079-a367-a04c8fb88076,2026-06-26 20:28:42,e195a484-4080-4865-b546-5691466ac7f4,adc9bbd6-1cb3-4ff8-b396-cc6b132740b9,2754.85,send_money,completed,01855439043,CP-953025,Send Money at Salam Mobile Corner,app,41.32,0.0,Salam Mobile Corner
0c3f1378-a784-4de2-9b73-7228dfcdbe52,2026-06-26 21:23:00,c443f398-e870-46d3-9d3f-c4986fe34400,6cbd13a6-e3ea-40d9-8fb5-374ec9d72325,3691.08,payment,completed,01386541906,CP-689107,Payment at Salam Mobile Corner,app,0.0,0.0,Salam Mobile Corner
434b85bd-e62e-4770-9f31-fa50592dd7a0,2026-06-26 21:55:00,50310462-d85f-4c8d-804b-9cef90968906,6cbd13a6-e3ea-40d9-8fb5-374ec9d72325,19509.95,send_money,completed,01679119463,CP-688933,Send Money at Imran Communication,ussd,292.65,0.0,Imran Communication
4e5c5a3a-2bcb-418e-95a1-ec4f5fbfd743,2026-06-26 23:36:59,fa40c4ce-7441-4e06-8a38-cd7d70f25c95,adc9bbd6-1cb3-4ff8-b396-cc6b132740b9,7556.74,payment,reversed,01870251043,CP-814220,Payment at Nusrat Digital Center,agent_device,0.0,0.0,Nusrat Digital Center
6bfca726-4465-4cf7-93d6-4e20cda3d0b8,2026-06-27 01:15:48,093c9163-cf98-4187-b3f9-a6575c06a885,adc9bbd6-1cb3-4ff8-b396-cc6b132740b9,1439.3,bill_payment,completed,01740620216,,Bill Payment at Lipi Telecom,agent_device,0.0,0.0,Lipi Telecom
52a7e0ac-20e3-4840-a8d6-1fa0ce4dda87,2026-06-27 06:14:49,f905b355-5a73-496a-be08-f546e497a876,d434c15c-027e-4cf1-b07a-4ec66fb3b22d,9089.62,payment,completed,01867556566,CP-420214,Payment at Lipi Telecom,ussd,0.0,0.0,Lipi Telecom
f5d3eda7-27b2-46b5-be36-eb80c77a1887,2026-06-27 11:08:11,cbc3854f-22d6-4ac7-8db1-e1cdc23ce653,6cbd13a6-e3ea-40d9-8fb5-374ec9d72325,2251.17,send_money,completed,01687282128,CP-810250,Send Money at Sultana Mobile Corner,ivr,33.77,0.0,Sultana Mobile Corner
0dcc6957-bc46-4a22-a65a-dd903158daab,2026-06-28 10:31:20,3e2096fc-b6fe-4433-98ee-6b28166f74d6,6cbd13a6-e3ea-40d9-8fb5-374ec9d72325,3339.8,top_up,completed,01725405014,,Top Up at Khaleda General Store,app,0.0,0.0,Khaleda General Store
b3dd5088-8ac0-49c7-8496-76e951f8fbb5,2026-06-28 12:25:23,f67fbe40-68a7-4df1-979d-9d6fb04dab30,d434c15c-027e-4cf1-b07a-4ec66fb3b22d,14225.1,cash_in,completed,01582506491,,Cash In at Parveen General Store,agent_device,0.0,71.13,Parveen General Store
2b611f31-40ce-41ec-8cb7-baf8c8f193c3,2026-06-28 16:44:38,5db03e56-d711-477b-987a-1e27d2667ae3,adc9bbd6-1cb3-4ff8-b396-cc6b132740b9,484.3,bill_payment,failed,01617207013,,Bill Payment at Rina Gift House,ussd,0.0,0.0,Rina Gift House
1e34963f-7b78-4a91-a036-f5d2b8cdc118,2026-06-28 17:15:47,e0e3aa2d-7d23-46ee-b8f7-c1745733a24b,adc9bbd6-1cb3-4ff8-b396-cc6b132740b9,4487.96,bill_payment,pending,01895655118,,Bill Payment at Shahin Mobile Shop,ussd,0.0,0.0,Shahin Mobile Shop
22f0ccaf-5dcf-4563-a410-586cb87f9b93,2026-06-28 22:47:52,6e030a6d-254c-4dbb-8718-14a14c2c31e5,6cbd13a6-e3ea-40d9-8fb5-374ec9d72325,3289.49,bill_payment,reversed,01838859907,,Bill Payment at Fatema Electronics,ivr,0.0,0.0,Fatema Electronics
c66afc14-195f-49b4-8d6f-96c54bc91e6d,2026-06-29 06:19:57,a056eb95-f011-4d15-9c0d-7905ba171d44,6cbd13a6-e3ea-40d9-8fb5-374ec9d72325,17921.14,cash_in,completed,01671974027,,Cash In at Anwar Digital Point,ivr,0.0,89.61,Anwar Digital Point
59639727-4e84-460f-b504-ebe24b50602a,2026-06-29 07:19:23,b95b3e55-45c1-4dcb-90b8-cdf1325fd1e4,d434c15c-027e-4cf1-b07a-4ec66fb3b22d,3183.38,bill_payment,pending,01745638891,,Bill Payment at Bashir Telecom,app,0.0,0.0,Bashir Telecom
11af80e5-7ab0-4163-ace6-c4a6430bf8bd,2026-06-29 09:29:31,110c0ca9-6ce0-45cc-8a7c-c503262f788d,6cbd13a6-e3ea-40d9-8fb5-374ec9d72325,438.88,bill_payment,reversed,01777015343,,Bill Payment at Jahangir Electronics,app,0.0,0.0,Jahangir Electronics
3dbd12c6-773c-43f8-bb74-7296b47c29ba,2026-06-29 10:21:12,263de827-2cb9-4328-ba71-9d187f24c13a,d434c15c-027e-4cf1-b07a-4ec66fb3b22d,4560.88,cash_in,completed,01795080736,,Cash In at Momena Bazar,app,0.0,22.8,Momena Bazar
2c82581b-ad57-485f-abda-ea03964b8098,2026-06-29 11:25:19,78c00905-89e3-40b0-96bd-63e41fb5c19a,d434c15c-027e-4cf1-b07a-4ec66fb3b22d,4345.59,bill_payment,completed,01358082464,,Bill Payment at Jahangir Electronics,app,0.0,0.0,Jahangir Electronics
05502c4a-8a09-41cb-a46a-7c6a3733eb4f,2026-06-30 00:07:34,b0937503-a0fb-45d9-90c7-d37991dfd5d8,adc9bbd6-1cb3-4ff8-b396-cc6b132740b9,1531.96,payment,pending,01554018830,CP-742848,Payment at Anwar Digital Point,agent_device,0.0,0.0,Anwar Digital Point
0b860924-8da0-4f61-b8f3-5340f8e318f4,2026-06-30 04:20:40,d85821c7-e5e1-4d6f-999f-e0bf00be99e7,6cbd13a6-e3ea-40d9-8fb5-374ec9d72325,28338.1,cash_in,completed,01881134297,,Cash In at Lipi Telecom,app,0.0,141.69,Lipi Telecom
54b74f5a-00d8-4ac9-ae42-44631160db63,2026-06-30 06:10:39,836f81df-f2fb-4d4b-ad1e-a32d86e817ed,6cbd13a6-e3ea-40d9-8fb5-374ec9d72325,2787.58,cash_in,completed,01819774839,,Cash In at Abdul Cash Point,ivr,0.0,13.94,Abdul Cash Point
1916e429-c893-440f-9790-257639f10220,2026-06-30 22:53:51,8400174a-98e9-4d78-8c85-6f98a9561f06,adc9bbd6-1cb3-4ff8-b396-cc6b132740b9,18381.78,send_money,pending,01327978165,CP-428399,Send Money at Jahangir Electronics,ussd,275.73,0.0,Jahangir Electronics
75ce1224-e8c7-43d1-80c6-ff29fc9485cf,2026-07-01 02:20:13,30eabafb-49c6-440a-abca-1d2caeec244b,d434c15c-027e-4cf1-b07a-4ec66fb3b22d,836.24,payment,completed,01785833309,CP-355021,Payment at Habib Telecom,app,0.0,0.0,Habib Telecom
42d044eb-3277-4913-ae2d-427f88f44a1e,2026-07-01 02:56:44,f905b355-5a73-496a-be08-f546e497a876,d434c15c-027e-4cf1-b07a-4ec66fb3b22d,4873.7,bill_payment,completed,01653038948,,Bill Payment at Lipi Telecom,app,0.0,0.0,Lipi Telecom
2999f1b6-5ae5-42c6-9290-ef57e317cba3,2026-07-01 08:49:07,110c0ca9-6ce0-45cc-8a7c-c503262f788d,6cbd13a6-e3ea-40d9-8fb5-374ec9d72325,20913.42,cash_in,reversed,01941062464,,Cash In at Jahangir Electronics,ussd,0.0,104.57,Jahangir Electronics
64c33199-ce65-49b1-be62-d80e324c3374,2026-07-01 18:55:11,fa40c4ce-7441-4e06-8a38-cd7d70f25c95,adc9bbd6-1cb3-4ff8-b396-cc6b132740b9,9609.84,payment,failed,01730534124,CP-556641,Payment at Nusrat Digital Center,app,0.0,0.0,Nusrat Digital Center
4395cd80-fd34-479a-b532-1a0e5937e9f7,2026-07-02 12:21:56,b0937503-a0fb-45d9-90c7-d37991dfd5d8,adc9bbd6-1cb3-4ff8-b396-cc6b132740b9,17798.3,cash_out,reversed,01554098516,,Cash Out at Anwar Digital Point,app,266.97,0.0,Anwar Digital Point
5d38d4ec-7c30-42c1-bf5f-0df0447d2379,2026-07-02 13:41:02,093c9163-cf98-4187-b3f9-a6575c06a885,adc9bbd6-1cb3-4ff8-b396-cc6b132740b9,9809.15,payment,completed,01934464938,CP-950916,Payment at Lipi Telecom,app,0.0,0.0,Lipi Telecom
333018f6-40fc-4ca3-a952-87c1d6344381,2026-07-02 13:53:29,44c4f793-d676-4d33-bcde-2681a1b4f7ee,adc9bbd6-1cb3-4ff8-b396-cc6b132740b9,9675.47,payment,completed,01955461591,CP-943298,Payment at Rahim Store,ussd,0.0,0.0,Rahim Store
a250ee0a-7bcd-44ef-a9c5-d0ceaf5fafb9,2026-07-02 15:55:27,510059ad-2c3d-4ae3-97d6-0568f2ec8f16,adc9bbd6-1cb3-4ff8-b396-cc6b132740b9,4064.31,top_up,completed,01968743530,,Top Up at Hasan Mobile Recharge,ussd,0.0,0.0,Hasan Mobile Recharge
b0f89493-f36e-4c7e-acef-b3cde6c55542,2026-07-03 17:59:13,8b085a44-5f70-49cc-90d0-a11b4b1e674c,d434c15c-027e-4cf1-b07a-4ec66fb3b22d,41349.2,cash_in,completed,01316101779,,Cash In at Khaleda General Store,agent_device,0.0,206.75,Khaleda General Store
d78d711b-d0b5-4ae0-8c5b-70efd11dc4f8,2026-07-04 06:48:37,50310462-d85f-4c8d-804b-9cef90968906,6cbd13a6-e3ea-40d9-8fb5-374ec9d72325,33307.05,cash_in,failed,01990147573,,Cash In at Imran Communication,ussd,0.0,166.54,Imran Communication
51afc70c-1758-484b-983e-5a68a75fce76,2026-07-04 08:17:34,6c48bc88-c7ca-4d0e-91ef-de13d8885718,6cbd13a6-e3ea-40d9-8fb5-374ec9d72325,396.25,payment,completed,01596592295,CP-484123,Payment at Nusrat Digital Center,agent_device,0.0,0.0,Nusrat Digital Center
9d0bcef5-8a4d-4f17-93c0-be08158783bc,2026-07-04 13:36:49,436d7d14-68b4-467d-80d1-d7e3123c3251,6cbd13a6-e3ea-40d9-8fb5-374ec9d72325,2160.59,payment,reversed,01655679506,CP-393243,Payment at Rahim Store,agent_device,0.0,0.0,Rahim Store
6e9e1de4-d18a-40a6-9e12-9dacd01ace1c,2026-07-05 12:29:17,1f594dcf-8346-4120-9003-435898ea0df0,d434c15c-027e-4cf1-b07a-4ec66fb3b22d,5000.0,cash_out,completed,01857182314,,Repeated 5000 BDT at Rahim Store,agent_device,75.0,0.0,Rahim Store
ef2113b8-9a97-4101-82d3-15682507009b,2026-07-05 14:29:17,1f594dcf-8346-4120-9003-435898ea0df0,d434c15c-027e-4cf1-b07a-4ec66fb3b22d,5000.0,cash_in,completed,01861367949,,Repeated 5000 BDT at Rahim Store,agent_device,0.0,25.0,Rahim Store
525b1e41-d3b4-4614-aa83-4f0cbcb5d22c,2026-07-05 15:29:17,1f594dcf-8346-4120-9003-435898ea0df0,d434c15c-027e-4cf1-b07a-4ec66fb3b22d,5000.0,cash_out,completed,01838595818,,Repeated 5000 BDT at Rahim Store,agent_device,0.0,0.0,Rahim Store
e2e00371-f7f4-4569-b5f5-63540254d1c3,2026-07-05 16:29:17,1f594dcf-8346-4120-9003-435898ea0df0,d434c15c-027e-4cf1-b07a-4ec66fb3b22d,5000.0,cash_out,completed,01813600310,,Repeated 5000 BDT at Rahim Store,agent_device,75.0,25.0,Rahim Store
c3b9fb6b-4b60-41ad-845b-d1f26c829230,2026-07-05 17:29:17,1f594dcf-8346-4120-9003-435898ea0df0,d434c15c-027e-4cf1-b07a-4ec66fb3b22d,5000.0,cash_in,completed,01874115841,,Repeated 5000 BDT at Rahim Store,agent_device,0.0,25.0,Rahim Store
e579d22a-290c-467f-b448-29bce5a7ba76,2026-07-05 20:35:28,263de827-2cb9-4328-ba71-9d187f24c13a,d434c15c-027e-4cf1-b07a-4ec66fb3b22d,3104.05,send_money,completed,01769352161,CP-762055,Send Money at Momena Bazar,agent_device,46.56,0.0,Momena Bazar
809a1b8c-c736-4bed-a7a5-3aa90636802a,2026-07-06 16:59:30,393ffc63-6670-4335-8d82-964779fb81f7,d434c15c-027e-4cf1-b07a-4ec66fb3b22d,2454.89,bill_payment,completed,01823769360,,Bill Payment at Salam Mobile Corner,ussd,0.0,0.0,Salam Mobile Corner
399d5030-734c-4bcb-833c-c1b146528891,2026-07-07 13:05:58,d85821c7-e5e1-4d6f-999f-e0bf00be99e7,6cbd13a6-e3ea-40d9-8fb5-374ec9d72325,5720.0,payment,failed,01755150390,CP-130094,Payment at Lipi Telecom,ivr,0.0,0.0,Lipi Telecom
2ccf9bbd-ec1f-4ce4-8fbd-55b1aed9eb63,2026-07-07 20:05:12,1c6742d5-0556-4b41-9287-ff8d346d9a35,d434c15c-027e-4cf1-b07a-4ec66fb3b22d,21037.4,cash_in,completed,01860192261,,Cash In at Rina Gift House,app,0.0,105.19,Rina Gift House
7fe3c47d-ed63-48b3-b99f-acf69a92210e,2026-07-07 21:54:49,c443f398-e870-46d3-9d3f-c4986fe34400,6cbd13a6-e3ea-40d9-8fb5-374ec9d72325,41767.81,cash_in,pending,01747546086,,Cash In at Salam Mobile Corner,ussd,0.0,208.84,Salam Mobile Corner
9fe5fe75-b517-4846-9218-46b40d3db7de,2026-07-08 07:15:19,1f594dcf-8346-4120-9003-435898ea0df0,d434c15c-027e-4cf1-b07a-4ec66fb3b22d,12113.9,send_money,completed,01340725714,CP-807053,Send Money at Rahim Store,ussd,181.71,0.0,Rahim Store
4954d987-c16d-44c1-a04d-10452aafdc69,2026-07-08 11:42:28,3e2096fc-b6fe-4433-98ee-6b28166f74d6,6cbd13a6-e3ea-40d9-8fb5-374ec9d72325,3787.67,payment,failed,01982383656,CP-239449,Payment at Khaleda General Store,agent_device,0.0,0.0,Khaleda General Store
844560a9-f1f8-4e73-b6e1-a22d4bedbfb0,2026-07-08 15:39:12,fc174035-b2f6-478b-aad1-55fb777b1e4b,adc9bbd6-1cb3-4ff8-b396-cc6b132740b9,4949.5,cash_out,completed,01930509175,,Cash Out at Abdul Cash Point,app,74.24,0.0,Abdul Cash Point
bc876260-0159-4353-b21a-5bbcad63d033,2026-07-09 01:23:47,d85821c7-e5e1-4d6f-999f-e0bf00be99e7,6cbd13a6-e3ea-40d9-8fb5-374ec9d72325,4528.19,payment,reversed,01595585469,CP-390782,Payment at Lipi Telecom,ivr,0.0,0.0,Lipi Telecom
abe262f2-213a-4d52-bad5-49f324139660,2026-07-09 21:42:10,6d8f14b3-2aec-4984-a033-f4d0677daa23,d434c15c-027e-4cf1-b07a-4ec66fb3b22d,14574.84,send_money,reversed,01929822594,CP-347745,Send Money at Karim Telecom,ussd,218.62,0.0,Karim Telecom
0ca5bc5c-c16b-428b-8950-d58c10d4df73,2026-07-10 02:23:47,fa40c4ce-7441-4e06-8a38-cd7d70f25c95,adc9bbd6-1cb3-4ff8-b396-cc6b132740b9,2913.25,bill_payment,pending,01915006085,,Bill Payment at Nusrat Digital Center,app,0.0,0.0,Nusrat Digital Center
92737aa3-736f-4481-8337-3d58b3c30b46,2026-07-10 12:09:12,393ffc63-6670-4335-8d82-964779fb81f7,d434c15c-027e-4cf1-b07a-4ec66fb3b22d,1836.01,top_up,reversed,01996343485,,Top Up at Salam Mobile Corner,agent_device,0.0,0.0,Salam Mobile Corner
00dbf297-e79b-4513-9c7d-268624d2777a,2026-07-10 17:17:40,e1295378-a73a-450b-95e1-7b2ebd6ad5ed,adc9bbd6-1cb3-4ff8-b396-cc6b132740b9,8337.21,send_money,pending,01529585415,CP-117007,Send Money at Sultana Mobile Corner,agent_device,125.06,0.0,Sultana Mobile Corner
e3b05f34-7e05-4956-ad07-fdd86e97057f,2026-07-10 21:21:15,44c4f793-d676-4d33-bcde-2681a1b4f7ee,adc9bbd6-1cb3-4ff8-b396-cc6b132740b9,2235.84,top_up,reversed,01722246348,,Top Up at Rahim Store,ivr,0.0,0.0,Rahim Store
